<?xml version="1.0" encoding="utf-8"?>
<prefix name="birthdays" label="Birthdays" language_tag="zh-cn" language_label="chinese"><key name="birthday"><value>生日</value></key><key name="console_notification_comment"/><key name="console_notification_like"/><key name="dashboard_widget_title"><value>好友生日</value></key><key name="email_notifications_section_label"><value>生日</value></key><key name="email_notifications_setting_status_comment"/><key name="email_notifications_setting_status_like"/><key name="email_notification_comment"/><key name="email_notification_like"/><key name="feed_activity_birthday_string"/><key name="feed_activity_birthday_string_like"/><key name="feed_activity_birthday_string_like_own"/><key name="feed_activity_self_birthday_string"/><key name="feed_content_label"/><key name="feed_item_line"/><key name="friends_widget_title"><value>即将发生的生日</value></key><key name="my_widget_title"><value>我的生日</value></key><key name="privacy_action_view_my_birthday"/><key name="usercredits_action_birthday"/><key name="user_list_menu_item_birthdays"/><key name="user_list_menu_item_birthdays_this_week"/><key name="user_list_menu_item_birthdays_today"/><key name="user_list_menu_item_birthdays_upcoming"/><key name="widget_setting_count_label"/><key name="widget_setting_show_label"/><key name="widget_setting_value_this_week"/><key name="widget_setting_value_today"/><key name="widget_title"><value>生日</value></key></prefix>
