<?xml version="1.0" encoding="utf-8"?>
<prefix name="questions" label="Questions" language_tag="zh-cn" language_label="chinese"><key name="admin_allow_comments_label"/><key name="admin_allow_popups_desc"/><key name="admin_allow_popups_label"/><key name="admin_enable_follow_desc"/><key name="admin_enable_follow_label"/><key name="admin_extended_version"/><key name="admin_extended_version_page_heading"/><key name="admin_general_settings"/><key name="admin_list_order_label"/><key name="admin_main_page_heading"/><key name="admin_main_page_title"/><key name="admin_main_settings_title"/><key name="admin_save_btn"/><key name="admin_settings_updated"/><key name="admin_setup_extended_version_notification"><value>Extended version of &lt;b&gt;Questions&lt;/b&gt; plugin is available on Store. &lt;a href="{$href}"&gt;Read more...&lt;/a&gt;</value></key><key name="admin_setup_go_to_store"/><key name="auth_add_answer"/><key name="auth_add_comment"/><key name="auth_answer"/><key name="auth_answer_delete_comment"/><key name="auth_ask"/><key name="auth_group_label"/><key name="counter_comments_label"/><key name="counter_follows_label"/><key name="counter_votes_label"/><key name="delete_question_confirm"/><key name="email_notifications_answer"/><key name="email_notifications_post"/><key name="email_notifications_section_label"><value>问题</value></key><key name="email_notifications_setting_answer"/><key name="email_notifications_setting_post"/><key name="equestions+email_notifications_post"/><key name="feedback_option_max_length"/><key name="feedback_question_dublicate_option"/><key name="feedback_question_empty"/><key name="feedback_question_max_length"/><key name="feedback_question_min_length"/><key name="feedback_question_two_apt_required"/><key name="feed_content_label"/><key name="feed_order_latest"><value>最近</value></key><key name="feed_order_popular"><value>最流行</value></key><key name="followers_fb_title"/><key name="item_text_answer"/><key name="item_text_create"/><key name="item_text_follow"/><key name="item_text_post"/><key name="list_all_page_description"/><key name="list_all_page_title"><value>问题</value></key><key name="list_all_tab"><value>所有问题</value></key><key name="list_friends_page_title"/><key name="list_friends_tab"><value>朋友们的问题</value></key><key name="list_heading"><value>问题</value></key><key name="list_my_page_title"/><key name="list_my_tab"><value>我的问题</value></key><key name="main_menu_list"><value>问题</value></key><key name="more_options_btn"/><key name="more_users_title"/><key name="newsfeed_question_tab"><value>问题</value></key><key name="newsfeed_status_tab"><value>状态</value></key><key name="notifications_answer"/><key name="notifications_post"/><key name="not_authed_delete_warning"/><key name="not_authed_follow_warning"/><key name="not_authed_unfollow_warning"/><key name="option_add_btn"/><key name="option_add_inv"/><key name="option_not_empty_delete_warning"/><key name="privacy_action_view_my_questions"/><key name="question_add_allow_add_opt"/><key name="question_add_answers_label"/><key name="question_add_option_inv"/><key name="question_add_save"><value>提问</value></key><key name="question_add_show_options_btn"><value>提问</value></key><key name="question_add_text_inv"><value>提些问题吧...</value></key><key name="question_asked_by"/><key name="question_delete_complete_msg"/><key name="question_fb_title"/><key name="question_list_no_items"><value>暂时没有问题</value></key><key name="question_not_found"/><key name="question_page_description"/><key name="question_page_title"/><key name="toolbar_comment_btn"/><key name="toolbar_delete_btn"/><key name="toolbar_follow_btn"/><key name="toolbar_unfollow_btn"/><key name="toolbar_unvote_btn"/><key name="users_fb_title"/><key name="view_more_questions_btn"/><key name="widget_settings_add_new"/><key name="widget_settings_count"/><key name="widget_settings_order"/><key name="widget_title"><value>问题</value></key></prefix>
