<?xml version="1.0" encoding="utf-8"?>
<prefix name="uheader" label="Profile Cover" language_tag="en" language_label="English"><key name="activity_string_cover_comment"><value>commented {$user}'s cover image</value></key><key name="activity_string_cover_comment_self"><value>commented their cover image</value></key><key name="activity_string_cover_like"><value>likes {$user}'s cover image</value></key><key name="activity_string_cover_like_self"><value>likes their cover image</value></key><key name="add_covers_btn_label"><value>Add Covers</value></key><key name="admin_delete_cover_confirmation"><value>Do you really want to remove this cover?</value></key><key name="admin_edit_cover_label"><value>Edit Cover</value></key><key name="admin_gallery_no_covers_long"><value>Please add at least one cover image</value></key><key name="admin_gallery_no_covers_short"><value>No covers</value></key><key name="auth_action_add_cover"><value>Add cover image</value></key><key name="auth_action_label_add_comment"><value>Comment cover images</value></key><key name="auth_action_label_delete_comment_by_content_owner"><value>The cover image owner can delete comments</value></key><key name="auth_action_view_cover"><value>View cover images</value></key><key name="auth_group_label"><value>Profile Cover</value></key><key name="cancel_changes_label"><value>Cancel</value></key><key name="change_covet_label"><value>Change Cover</value></key><key name="choose_from_gallery_label"><value>Choose from Gallery</value></key><key name="choose_from_photos_label"><value>Choose from Photos</value></key><key name="config_cover_height"><value>Cover height</value></key><key name="config_cover_height_desc"><value>Height of the cover in pixels. &lt;br /&gt;&#13;
&lt;i&gt;For the better usability it should not be less than &lt;b&gt;{$minHeight}&lt;/b&gt; and more than &lt;b&gt;{$maxHeight}&lt;/b&gt; pixels&lt;/i&gt;&#13;
&lt;div class="ow_remark"&gt;This height will be applied only to new covers&lt;/div&gt;</value></key><key name="config_photo_album_name"><value>Album title</value></key><key name="config_photo_album_name_desc"><value>Choose a name for the album where cover images will be added.&#13;
Don't forget to translate the album title to other languages on your site.</value></key><key name="config_photo_share"><value>Photo</value></key><key name="config_photo_share_desc"><value>Cover images will be automatically added to user's photo album</value></key><key name="config_save_label"><value>Save</value></key><key name="config_tpl_view_mode"><value>Cover list type</value></key><key name="config_tpl_vm_list"><value>List</value></key><key name="config_tpl_vm_preview"><value>Preview</value></key><key name="content_gallery_settings"><value>Gallery Settings</value></key><key name="content_main_section"><value>Cover Settings</value></key><key name="content_share_section"><value>Auto-upload settings</value></key><key name="cover_not_found"><value>The Cover image was not find</value></key><key name="cover_remove_success"><value>The cover image was  removed</value></key><key name="cover_reposition_tip"><value>Drag to Reposition Cover</value></key><key name="cover_restore_success"><value>The default cover has been restored.</value></key><key name="cover_save_success"><value>The cover was saved</value></key><key name="cover_stick_message"><value>The cover was assigned to your profile</value></key><key name="default_photo_album_name"><value>Cover Images</value></key><key name="delete_cover_confirmation"><value>Are you sure you want to remove your Cover image?</value></key><key name="feed_content_label"><value>Cover Images</value></key><key name="gallery_close_btn"><value>Cancel</value></key><key name="gallery_save_btn"><value>Save</value></key><key name="gallery_tab_gallery"><value>Cover Gallery</value></key><key name="gallery_tab_photos"><value>Photos</value></key><key name="heading_configuration"><value>Profile Cover</value></key><key name="info-about-label"><value>About Me</value></key><key name="info-about-preview"><value>About Me</value></key><key name="info-gender-age-label"><value>Gender + Age</value></key><key name="info-gender-age-preview"><value>Gender + Age</value></key><key name="info-question-label"><value>Profile Question</value></key><key name="leave_review_suggest"><value>Please, &lt;a href="{$pluginUrl}" target="_blank"&gt;leave a review&lt;/a&gt;  if you liked the plugin.</value></key><key name="my_photos_title"><value>Recently uploaded photos</value></key><key name="newsfeed_add_cover"><value>added a cover image</value></key><key name="newsfeed_change_cover"><value>changed the cover image</value></key><key name="notifications_comment_1"><value>{$user} commented on your cover image</value></key><key name="notifications_comment_2"><value>{$user1} and {$user2} commented on your cover image</value></key><key name="notifications_comment_many"><value>{$user1} and other {$otherCount} users commented on your cover image</value></key><key name="notifications_like_1"><value>{$user} likes your cover image</value></key><key name="notifications_like_2"><value>{$user1} and {$user2} like your cover image</value></key><key name="notifications_like_many"><value>{$user1} and other {$otherCount} users like your cover image</value></key><key name="notifications_section_label"><value>Cover Image</value></key><key name="notifications_setting_comment"><value>Someone comments on my cover image</value></key><key name="notifications_setting_like"><value>Someone likes my cover image</value></key><key name="no_photos_label"><value>You don't have uploaded photos</value></key><key name="photo_select_cancel_label"><value>Cancel</value></key><key name="privacy_action_view_cover"><value>View my cover image</value></key><key name="remove_label"><value>Remove</value></key><key name="reposition_label"><value>Reposition</value></key><key name="restore_cover_confirmation"><value>Do you really want to remove this cover and switch to the default cover image.</value></key><key name="restore_default_label"><value>Restore default cover</value></key><key name="save_changes_label"><value>Save Changes</value></key><key name="saving_process_label"><value>Saving...</value></key><key name="settings_saved_message"><value>Settings were saved</value></key><key name="setting_gallery_role_all"><value>All</value></key><key name="setting_menu_gallery"><value>Cover Gallery</value></key><key name="setting_menu_main"><value>General Settings</value></key><key name="set_covet_label"><value>Add a Cover</value></key><key name="stick_label"><value>Stick this cover</value></key><key name="template_default_flag_desc"><value>Default cover</value></key><key name="template_gallery_switcher"><value>Cover gallery for {$select} users.</value></key><key name="template_global_settings_label"><value>Global settings:</value></key><key name="template_info_default_desc"><value>Default cover will be automatically assigned to users who have not chosen any covers. &lt;br /&gt;&#13;
It is possible to add multiple default covers.</value></key><key name="template_info_default_label"><value>Default:</value></key><key name="template_info_label"><value>Cover info:</value></key><key name="template_info_lines_desc"><value>These information lines are displaying right below the display name</value></key><key name="template_info_roles_desc"><value>The cover is avaliable for users with these roles</value></key><key name="template_info_roles_label"><value>User Roles:</value></key><key name="template_info_users_desc"><value>Number of users who chosen this cover from gallery</value></key><key name="template_info_users_label"><value>Users:</value></key><key name="template_line1_label"><value>Info line 1</value></key><key name="template_line2_label"><value>Info line 2</value></key><key name="template_no_roles_selected_error"><value>At least one role have to be assigned to the cover</value></key><key name="template_remove_success"><value>Cover image has been removed.</value></key><key name="template_upload_max_post_error"><value>You are trying to upload files with total size more than accepted on your server.</value></key><key name="template_upload_no_uploaded_warning"><value>No images were uploaded</value></key><key name="template_upload_some_not_uploaded_warning"><value>Some images were not uploaded</value></key><key name="tpl_view_mode_desc"><value>This mode will be selected by default for the cover list</value></key><key name="upload_file_extension_is_not_allowed"><value>Only jpg, jpeg, png, gif files are allowed</value></key><key name="upload_label"><value>Upload Image</value></key><key name="usercredits_action_add_cover"><value>Add profile cover</value></key><key name="validation_error_image_size"><value>Please choose an image that's at least &lt;b&gt;{$minWidth} pixels wide and {$minHeight} pixels height&lt;/b&gt;.</value></key><key name="widget_title"><value>Cover</value></key></prefix>
