<?xml version="1.0" encoding="utf-8"?>
<prefix name="uheader" label="Profile Cover" language_tag="en" language_label="English"><key name="activity_string_cover_comment"><value>commented {$user}'s cover image</value></key><key name="activity_string_cover_comment_self"><value>commented their cover image</value></key><key name="activity_string_cover_like"><value>likes {$user}'s cover image</value></key><key name="activity_string_cover_like_self"><value>likes their cover image</value></key><key name="auth_action_add_cover"><value>Add cover image</value></key><key name="auth_action_label_add_comment"><value>Comment cover images</value></key><key name="auth_action_label_delete_comment_by_content_owner"><value>The cover image owner can delete comments</value></key><key name="auth_action_view_cover"><value>View cover images</value></key><key name="auth_group_label"><value>Profile Cover</value></key><key name="cancel_changes_label"><value>Cancel</value></key><key name="change_covet_label"><value>Change Cover</value></key><key name="choose_from_photos_label"><value>Choose from Photos</value></key><key name="config_cover_height"><value>Cover height</value></key><key name="config_cover_height_desc"><value>Height of the cover in pixels. &lt;br /&gt;&#13;
&lt;i&gt;For the better usability it should not be less than &lt;b&gt;{$minHeight}&lt;/b&gt; and more than &lt;b&gt;{$maxHeight}&lt;/b&gt; pixels&lt;/i&gt;</value></key><key name="config_photo_album_name"><value>Album title</value></key><key name="config_photo_album_name_desc"><value>Choose a name for the album where cover images will be added.&#13;
Don't forget to translate the album title to other languages on your site.</value></key><key name="config_photo_share"><value>Photo</value></key><key name="config_photo_share_desc"><value>Cover images will be automatically added to user's photo album</value></key><key name="config_save_label"><value>Save</value></key><key name="content_main_section"><value>Cover Settings</value></key><key name="content_share_section"><value>Auto-upload settings</value></key><key name="cover_not_found"><value>The Cover image was not find</value></key><key name="cover_remove_success"><value>The cover image was  removed</value></key><key name="cover_reposition_tip"><value>Drag to Reposition Cover</value></key><key name="cover_save_success"><value>The cover was saved</value></key><key name="default_photo_album_name"><value>Cover Images</value></key><key name="delete_cover_confirmation"><value>Are you sure you want to remove your Cover image?</value></key><key name="feed_content_label"><value>Cover Images</value></key><key name="heading_configuration"><value>Profile Cover</value></key><key name="my_photos_title"><value>Recently uploaded photos</value></key><key name="newsfeed_add_cover"><value>added a cover image</value></key><key name="newsfeed_change_cover"><value>changed the cover image</value></key><key name="notifications_comment_1"><value>{$user} commented on your cover image</value></key><key name="notifications_comment_2"><value>{$user1} and {$user2} commented on your cover image</value></key><key name="notifications_comment_many"><value>{$user1} and other {$otherCount} users commented on your cover image</value></key><key name="notifications_like_1"><value>{$user} likes your cover image</value></key><key name="notifications_like_2"><value>{$user1} and {$user2} like your cover image</value></key><key name="notifications_like_many"><value>{$user1} and other {$otherCount} users like your cover image</value></key><key name="notifications_section_label"><value>Cover Image</value></key><key name="notifications_setting_comment"><value>Someone comments on my cover image</value></key><key name="notifications_setting_like"><value>Someone likes my cover image</value></key><key name="no_photos_label"><value>You don't have uploaded photos</value></key><key name="photo_select_cancel_label"><value>Cancel</value></key><key name="privacy_action_view_cover"><value>View my cover image</value></key><key name="remove_label"><value>Remove</value></key><key name="reposition_label"><value>Reposition</value></key><key name="save_changes_label"><value>Save Changes</value></key><key name="settings_saved_message"><value>Settings were saved</value></key><key name="set_covet_label"><value>Add a Cover</value></key><key name="upload_file_extension_is_not_allowed"><value>Only jpg, jpeg, png, gif files are allowed</value></key><key name="upload_label"><value>Upload Image</value></key><key name="usercredits_action_add_cover"><value>Add profile cover</value></key><key name="validation_error_image_size"><value>Please choose an image that's at least &lt;b&gt;{$minWidth} pixels wide and {$minHeight} pixels height&lt;/b&gt;.</value></key><key name="widget_title"><value>Cover</value></key></prefix>
