<?xml version="1.0" encoding="utf-8"?>
<prefix name="zlsearch" label="去找乐吧" language_tag="zh-cn" language_label="chinese"><key name="entity_tag_select_empty_list_message"><value>亲，不想选标签请点击右上角关闭按钮！</value></key><key name="entity_tag_select_too_many_message"><value>亲，你最多可以选5个标签呦！</value></key><key name="tags_select_button_label"><value>请选择标签（最多5个）</value></key><key name="tags_select_submit_btn_label"><value>确定</value></key></prefix>
