<?xml version="1.0" encoding="utf-8"?>
<prefix name="ocsguests" label="Who viewed me" language_tag="en" language_label="English"><key name="general_settings"><value>Settings</value></key><key name="guest_list_widget_settings_count"><value>Limit number of guests to</value></key><key name="months"><value>month(s)</value></key><key name="no_guests"><value>Sorry, no guests here</value></key><key name="page_heading_admin"><value>Who viewed me plugin configuration</value></key><key name="settings_updated"><value>Settings updated</value></key><key name="store_period"><value>Store user visits data for</value></key><key name="viewed_profile"><value>Recently viewed me</value></key><key name="visited"><value>Viewed me:</value></key></prefix>
