<?xml version="1.0" encoding="utf-8"?>
<prefix name="ocstopusers" label="Top Users by Oxwall CandyStore" language_tag="zh-cn" language_label="chinese"><key name="cmp_widget_user_count"/><key name="cmp_widget_user_count_msg"/><key name="email_notifications_rate_user"/><key name="email_notifications_section_label"/><key name="email_notifications_setting_rate"/><key name="index_widget_title"><value>最棒乐友</value></key><key name="rated_me"/><key name="rate_info"/><key name="total_score_label"/></prefix>
