<?xml version="1.0" encoding="utf-8"?>
<prefix name="zlareas" label="找乐地盘" language_tag="zh-cn" language_label="chinese"><key name="admin_area_heading"/><key name="admin_area_title"/><key name="after_install_notification"/><key name="form_add_area_submit"/><key name="index_page_heading"/><key name="index_page_title"/><key name="label_invitation_area"/><key name="label_invitation_areacode"/><key name="label_invitation_city"/><key name="label_invitation_province"/><key name="main_menu_list"><value>找乐地盘</value></key></prefix>
