<?xml version="1.0" encoding="utf-8"?>
<prefix name="contactus" label="Contact Us" language_tag="zh-cn" language_label="chinese"><key name="admin_dept_heading"><value>联系我们：部门</value></key><key name="admin_dept_title"><value>联系我们：部门</value></key><key name="after_install_notification"><value>请 &lt;a href='{$url}'&gt;创建&lt;/a&gt; 至少一个部门以便联系.</value></key><key name="bottom_menu_item"><value>联系我们</value></key><key name="dept_2"><value>找乐365团队</value></key><key name="form_add_dept_submit"><value>添加</value></key><key name="form_label_captcha"><value>验证码</value></key><key name="form_label_from"><value>来自</value></key><key name="form_label_message"><value>内容</value></key><key name="form_label_subject"><value>主题</value></key><key name="form_label_submit"><value>发送</value></key><key name="form_label_to"><value>发送至</value></key><key name="index_page_heading"><value>联系我们</value></key><key name="index_page_title"><value>联系我们</value></key><key name="label_invitation_email"><value>邮件</value></key><key name="label_invitation_label"><value>标签</value></key><key name="message_sent"><value>您的邮件已经发送。 {$dept} 将很快回覆. 感谢！</value></key><key name="no_department"><value>没有联系部门</value></key></prefix>
