<?xml version="1.0" encoding="utf-8"?>
<prefix name="contactimporter" label="Contact Importer" language_tag="zh-cn" language_label="chinese"><key name="admin_settings_updated"><value>配置已更新</value></key><key name="email_field_inv_message"><value>填写电子邮件地址</value></key><key name="email_invite_field_default_text"><value>我在使用找乐365！你也来看看吧，挺棒的！</value></key><key name="email_invite_floatbox_title"><value>导入联系人</value></key><key name="email_send_error_empty_email_list"><value>空邮件列表</value></key><key name="email_send_error_max_limit_message"><value>请输入最大 {limit} 个邮件</value></key><key name="email_send_success"><value>你已经邀请了 &lt;b&gt;{$count}&lt;/b&gt; 个乐友</value></key><key name="facebook_after_invite_feedback"><value>你已经邀请了 &lt;b&gt;{$count}&lt;/b&gt; 个乐友</value></key><key name="facebook_app_id"><value>App ID</value></key><key name="facebook_app_secret"><value>App Secret</value></key><key name="facebook_app_settings"><value>Facebook App 配置</value></key><key name="facebook_canvas_page_1"><value>{$user} 邀请你加入 &lt;b&gt;{$site_name}&lt;/b&gt;. 请点击 {$button}.</value></key><key name="facebook_canvas_page_2"><value>{$user1} 和 {$user2} 邀请你加入 &lt;b&gt;{$site_name}&lt;/b&gt;. 请点击 {$button}.</value></key><key name="facebook_canvas_page_visit_btn"><value>访问并注册</value></key><key name="facebook_canvas_page_x"><value>{$user} 和 {$count} 位乐友正在邀请你加入 &lt;b&gt;{$site_name}&lt;/b&gt;. 请按 {$button}，别犹豫了.</value></key><key name="facebook_how_to_config"><value>配置指南</value></key><key name="facebook_inv_action"><value>邀请你的好友加入 {$site_name}</value></key><key name="facebook_inv_message"><value>来加入 {$site_name} 吧, 这里的找乐功能挺强大的.&#13;
{$joinUrl}</value></key><key name="facebook_inv_message_text"><value>来加入 {$site_name} 吧, 这里的找乐功能挺强大的.</value></key><key name="facebook_inv_text"><value>&lt;fb:name uid='{$fb_id}' useyou='false' /&gt; is a member of SocialToo.com and would like to share that experience with you. To register, simply click on the 'Register' button below.&lt;fb:req-choice url='{$joinUrl}' label='Register' /&gt;</value></key><key name="feedback_invitation_sent"><value>邀请发送</value></key><key name="google_client_id"><value>Client ID</value></key><key name="google_client_secret"><value>Client secret</value></key><key name="google_message_custom_inv"><value>说点啥...</value></key><key name="google_send_success"><value>你已经邀请了 &lt;b&gt;{$count}&lt;/b&gt; 个乐友</value></key><key name="google_settings_heading"><value>Google App 配置</value></key><key name="google_site_id"><value>Site ID</value></key><key name="mail_email_invite_html"><value>&lt;p&gt;你好,&lt;/p&gt;&#13;
&lt;p&gt;乐友 &lt;b&gt;{$inviter}&lt;/b&gt; 邀请你加入:&lt;/p&gt;&#13;
&lt;p&gt;&lt;a href="{$siteInviteURL}"&gt;{$siteName}&lt;/a&gt;&lt;/p&gt;</value></key><key name="mail_email_invite_msg_html"><value>&lt;p&gt;Hi,&lt;/p&gt;&#13;
&lt;p&gt;乐友 &lt;b&gt;{$inviter}&lt;/b&gt;邀请您访问这个网站:&lt;/p&gt;&#13;
&lt;p&gt;&lt;a href="{$siteInviteURL}"&gt;{$siteName}&lt;/a&gt;&lt;/p&gt;&#13;
&lt;p&gt;该乐友给您留言一条:&lt;/p&gt; &#13;
&lt;p&gt;{$customMessage}&lt;/p&gt;</value></key><key name="mail_email_invite_msg_txt"><value>您好,&#13;
&#13;
乐友 {$inviter} 邀请您访问这个网站:&#13;
&#13;
{$siteName} {$siteInviteURL}&#13;
&#13;
该乐友给您留言一条: {$customMessage}</value></key><key name="mail_email_invite_subject"><value>{$inviter} 邀请你加入 {$siteName}</value></key><key name="mail_email_invite_txt"><value>你好,&#13;
&#13;
乐友 {$inviter} 邀请你加入:&#13;
&#13;
{$siteName} {$siteInviteURL}</value></key><key name="mail_google_invite_html"><value>恭喜!&#13;
&lt;br /&gt;&#13;
&lt;br /&gt;&#13;
{$user} 邀请您加入 &lt;a href="{$site_url}"&gt;{$site_name}&lt;/a&gt;. 快来看看吧: &lt;br/&gt;{$url}&#13;
&lt;br /&gt;&lt;br /&gt;&#13;
谢谢,&lt;br /&gt;&#13;
&lt;a href="{$site_url}"&gt;{$site_name}&lt;/a&gt;</value></key><key name="mail_google_invite_msg_html"><value>恭喜!&#13;
&lt;br /&gt;&#13;
&lt;br /&gt;&#13;
{$user} 邀请您加入 &lt;a href="{$site_url}"&gt;{$site_name}&lt;/a&gt;. 快来看看吧: &lt;br /&gt;{$url}&lt;br /&gt;&#13;
{$user}给您留了言:&#13;
&lt;br /&gt;&#13;
{$message}&#13;
&lt;br /&gt;&#13;
&lt;br /&gt;&#13;
谢谢,&lt;br /&gt;&#13;
&lt;a href="{$site_url}"&gt;{$site_name}&lt;/a&gt;</value></key><key name="mail_google_invite_msg_txt"><value>恭喜!&#13;
&#13;
{$user} 邀请您加入 {$site_name}. 快来看看吧: &#13;
{$url}</value></key><key name="mail_google_invite_subject"><value>{$user} 邀请您来 {$site_name}</value></key><key name="mail_google_invite_txt"><value>恭喜!&#13;
&#13;
{$user} 邀请您加入 {$site_name}. 快来看看吧: &#13;
{$url}</value></key><key name="requires_configuration_message"><value>&lt;a href="{$settingsUrl}"&gt;联系人导入&lt;/a&gt; 需要配置</value></key><key name="save_btn_label"><value>保存</value></key><key name="usercredits_action_import_friend"><value>导入好友</value></key><key name="widget_title"><value>邀请好友</value></key></prefix>
