<?xml version="1.0" encoding="utf-8"?>
<prefix name="mobile" label="Mobile" language_tag="zh-cn" language_label="chinese"><key name="about"><value>About</value></key><key name="admin_nav_adding_message"><value>Adding...</value></key><key name="admin_nav_bottom_section_label"><value>底端菜单</value></key><key name="admin_nav_default_menu_name"><value>新菜单项</value></key><key name="admin_nav_default_page_content"><value>内容</value></key><key name="admin_nav_default_page_title"><value>页面标题</value></key><key name="admin_nav_hidden_section_label"><value>隐藏</value></key><key name="admin_nav_item_content_field"><value>HTML Content</value></key><key name="admin_nav_item_label_field"><value>Menu label</value></key><key name="admin_nav_item_title_field"><value>标题</value></key><key name="admin_nav_item_type_external"><value></value></key><key name="admin_nav_item_type_field"><value></value></key><key name="admin_nav_item_type_local"><value></value></key><key name="admin_nav_item_url_field"><value></value></key><key name="admin_nav_new_item_label"><value>New page</value></key><key name="admin_nav_settings_fb_title"><value>设置</value></key><key name="admin_nav_top_section_label"><value>顶端菜单</value></key><key name="admin_widgets_hidden_section_label"><value>隐藏</value></key><key name="admin_widgets_main_section_label"><value>内容</value></key><key name="mobile_admin_navigation"><value>菜单</value></key><key name="mobile_admin_pages_dashboard"><value>个人中心</value></key><key name="mobile_admin_pages_index"><value>首页</value></key><key name="mobile_admin_pages_profile"><value>Profile</value></key><key name="mobile_admin_settings"><value>设置</value></key><key name="mobile_join_promo"><value></value></key><key name="mobile_pages_dashboard"><value>我的控制中心</value></key><key name="page_default_heading"><value>{$site_name}</value></key><key name="page_default_title"><value>{$site_name}</value></key><key name="page_is_not_available"><value>这一页在手机上无法打开, 请访问 &lt;a href="{$url}"&gt;电脑版本&lt;/a&gt;</value></key><key name="right_sidebar_guest_heading"><value>请登录</value></key><key name="sign_out"><value>退出</value></key><key name="view_profile"><value>查看我的个人信息</value></key><key name="widgets_admin_dashboard_heading"><value>Mobile dashboard page</value></key><key name="widgets_admin_index_heading"><value>移动首页</value></key><key name="widgets_admin_profile_heading"><value>Mobile profile page</value></key></prefix>
