<?xml version="1.0" encoding="utf-8"?>
<prefix name="notifications" label="Email Notifications" language_tag="zh-cn" language_label="chinese"><key name="config_day_desc"><value>Day of the week when weekly summaries are sent&#13;
发送周摘要的星期日期</value></key><key name="config_day_label"><value>天</value></key><key name="config_hour_desc"><value>Hour of the day when daily and weekly summaries are sent</value></key><key name="config_hour_label"><value>Hour</value></key><key name="config_page_heading"><value>邮件通知</value></key><key name="config_page_title"><value>邮件通知</value></key><key name="config_saved_message"><value>设置已保存</value></key><key name="config_schedule_title"><value>同时通过电子邮件发送通知</value></key><key name="config_title"><value>Schedule Settings</value></key><key name="console_item_label"><value>通知</value></key><key name="console_menu_label"><value>邮件通知</value></key><key name="dashboard_menu_item"><value>通知</value></key><key name="dashboard_menu_item_label"><value>邮件通知</value></key><key name="email_html_bottom"><value>再联系,&lt;br /&gt;&#13;
{$site_name}, 系统管理员&lt;br /&gt;&#13;
{$site_url}</value></key><key name="email_html_description"><value>这里是&lt;a href="{$site_url}"&gt; {$site_name}&lt;/a&gt;上和你相关的最近活动:</value></key><key name="email_html_head"><value>亲爱的 {$userName},</value></key><key name="email_subject"><value>{$site_name}上最近的活动</value></key><key name="email_txt_bottom"><value>再联系,&#13;
{$site_name}, 系统管理员&#13;
{$site_url}</value></key><key name="email_txt_head"><value>亲爱的 {$userName},&#13;
这里是最近{$site_name}上和你相关的活动:</value></key><key name="preferences_legend"><value>Burada iki gün boyunca gerçekleşen tüm bildirileri görebilirsin.Geri kalanlarını ise eposta adresinden kontrol edebilirsin.</value></key><key name="save_config_btn"><value>保存</value></key><key name="save_setting_btn_label"><value>保存</value></key><key name="schedule_auto"><value>Automatically</value></key><key name="schedule_automatic"><value>自动地 (如果你连续2天都没有上线)</value></key><key name="schedule_daily"><value>Daily</value></key><key name="schedule_immediately"><value>立刻</value></key><key name="schedule_never"><value>从不</value></key><key name="schedule_title"><value>Schedule</value></key><key name="schedule_weekly"><value>Weekly</value></key><key name="settings_changed"><value>Settings changed</value></key><key name="settings_edit_label"><value>改变通知的频率和偏好</value></key><key name="settings_not_changed"><value>Settings not changed</value></key><key name="settings_page_heading"><value>邮件通知</value></key><key name="settings_page_title"><value>邮件通知</value></key><key name="setup_page_heading"><value>通知</value></key><key name="setup_page_title"><value>通知</value></key><key name="unsubscribe_all_label"><value>取消订阅所有通知</value></key><key name="unsubscribe_code_expired"><value>Unsubscribe code expired</value></key><key name="unsubscribe_completed"><value>You have been successfully unsubscribed</value></key><key name="unsubscribe_confirm_msg"><value>你确定要取消订阅这类通知？</value></key><key name="unsubscribe_one_label"><value>取消订阅这类通知</value></key></prefix>
