<?xml version="1.0" encoding="utf-8"?>
<prefix name="ocsguests" label="Who viewed me" language_tag="zh-cn" language_label="chinese"><key name="general_settings"><value>通用设置</value></key><key name="guest_list_widget_settings_count"><value>限制显示访客数</value></key><key name="months"><value>月</value></key><key name="no_guests"><value>抱歉，没有访客！</value></key><key name="page_heading_admin"><value>谁访问了我－设置</value></key><key name="settings_updated"><value>配置已更新</value></key><key name="store_period"><value>保存乐友访问数据</value></key><key name="viewed_profile"><value>最近谁访问了我</value></key><key name="visited"><value>访问过我：</value></key></prefix>
