<?xml version="1.0" encoding="utf-8"?>
<prefix name="privacy" label="Privacy" language_tag="zh-cn" language_label="chinese"><key name="action_action_data_not_changed"><value>设置没有被修改</value></key><key name="action_action_data_was_saved"><value>提交可能需要一点时间</value></key><key name="bottom warning"><value>设置提交可能需要一点时间</value></key><key name="no_items"><value>没有项目</value></key><key name="privacy_description"><value>设置你内容的访问权限</value></key><key name="privacy_everybody"><value>任何人</value></key><key name="privacy_index"><value>隐私管理</value></key><key name="privacy_no_permission_heading"><value>保密的</value></key><key name="privacy_no_permission_message"><value>{$display_name} 选择不分享该内容.</value></key><key name="privacy_only_for_me"><value>只有我自己</value></key><key name="privacy_submit_button"><value>保存</value></key></prefix>
