<?xml version="1.0" encoding="utf-8"?>
<prefix name="zlgheader" label="乐群封面" language_tag="zh-cn" language_label="chinese"><key name="activity_string_cover_comment"><value>评价了封面图片</value></key><key name="activity_string_cover_comment_self"><value>评价了封面图片</value></key><key name="activity_string_cover_like"><value>赞封面图片</value></key><key name="activity_string_cover_like_self"><value>赞封面图片</value></key><key name="admin_help_brief"><value>所有乐群封面的设置均在 &lt;a href="{$groupsSettings}"&gt;乐群设置页&lt;/a&gt;中.</value></key><key name="admin_plugin_required_notification"><value>&lt;a href="{$coverUrl}"&gt;乐群封面&lt;/a&gt; 需要 &lt;a href="{$groupsUrl}" target="_blank"&gt;乐群&lt;/a&gt; 插件</value></key><key name="auth_action_add_cover"><value>添加乐群封面图片</value></key><key name="auth_action_label_add_comment"><value>评价乐群封面图片</value></key><key name="auth_action_label_delete_comment_by_content_owner"><value>乐群群主可以删除有关封面图片的评论</value></key><key name="auth_action_view_cover"><value>浏览乐群封面图片</value></key><key name="auth_group_label"><value>乐群封面</value></key><key name="cancel_changes_label"><value>取消</value></key><key name="change_covet_label"><value>更新封面</value></key><key name="choose_from_photos_label"><value>从照片中选择</value></key><key name="config_cover_height"><value>封面高度</value></key><key name="config_cover_height_desc"><value>封面高度（像素）. &lt;br /&gt;&#13;
&lt;i&gt;为确保良好显示效果，最好保证在 &lt;b&gt;{$minHeight}&lt;/b&gt; 和 &lt;b&gt;{$maxHeight}&lt;/b&gt; 像素之间&lt;/i&gt;</value></key><key name="config_photo_album_name"><value>相册名称</value></key><key name="config_photo_album_name_desc"><value>选中封面图片将要加入的相册名称.</value></key><key name="config_photo_share"><value>照片</value></key><key name="config_photo_share_desc"><value>封面图片将会自动添加到乐友相册中</value></key><key name="config_save_label"><value>保存</value></key><key name="config_step1"><value>参照 &lt;a href="{$groupsSettings}" target="_blank"&gt;乐群插件设置&lt;/a&gt;</value></key><key name="config_step2"><value>点击 "封面" 上的 "编辑" 按钮</value></key><key name="config_step3"><value>你将看见弹出设置小窗口.</value></key><key name="config_steps_end"><value>那就是全部！你可以在弹出小窗口中更新缺省设置.&lt;br /&gt;&#13;
    注意乐群管理员有权覆盖这些设置. 未避免覆盖可以选中 "冻结" 选项.</value></key><key name="config_steps_label"><value>请参照下面简单指南以发现如何进行设置:</value></key><key name="content_main_section"><value>封面设置</value></key><key name="content_share_section"><value>自动上传设置</value></key><key name="cover_not_found"><value>未找到封面图片</value></key><key name="cover_remove_success"><value>封面已删除</value></key><key name="cover_reposition_tip"><value>拖拽图片到合适位置</value></key><key name="cover_save_success"><value>封面已保存</value></key><key name="default_photo_album_name"><value>乐群封面</value></key><key name="delete_cover_confirmation"><value>你是否确认要删除封面图片?</value></key><key name="feed_content_label"><value>封面图片</value></key><key name="heading_configuration"><value>乐群封面</value></key><key name="info_admin_label"><value>群主:</value></key><key name="info_created_label"><value>创建:</value></key><key name="my_photos_title"><value>最近上传的照片</value></key><key name="newsfeed_add_cover"><value>添加了乐群封面</value></key><key name="newsfeed_change_cover"><value>更新了乐群 封面</value></key><key name="notifications_comment_1"><value>{$user} 评论了 {$group} 群的封面</value></key><key name="notifications_comment_2"><value>{$user1} 和 {$user2} 评价了乐群 {$group} 封面</value></key><key name="notifications_comment_many"><value>{$user1} 和其他 {$otherCount} 乐友评价了乐群 {$group} 封面</value></key><key name="notifications_cover_add"><value>{$user} 添加了乐群 {$group} 封面</value></key><key name="notifications_cover_change"><value>{$user} 更新了乐群 {$group} 封面</value></key><key name="notifications_like_1"><value>{$user} 赞了乐群 {$group} 封面</value></key><key name="notifications_like_2"><value>{$user1} 和 {$user2} 赞了乐群 {$group} 封面</value></key><key name="notifications_like_many"><value>{$user1} 和其他 {$otherCount} 乐友赞了乐群 {$group} 封面</value></key><key name="notifications_section_label"><value>封面图片</value></key><key name="notifications_setting_add"><value>我所在乐群的封面图片已更新</value></key><key name="notifications_setting_comment"><value>有人评论了我所在乐群的封面图片</value></key><key name="notifications_setting_like"><value>有人赞了我所在乐群的封面图片</value></key><key name="no_photos_label"><value>你没有上传的照片</value></key><key name="photo_select_cancel_label"><value>取消</value></key><key name="plugin_required_tip"><value>该插件依赖于乐群插件，因此无法单独使用.</value></key><key name="remove_label"><value>删除</value></key><key name="reposition_label"><value>封面位置</value></key><key name="save_changes_label"><value>保存更新</value></key><key name="settings_saved_message"><value>设置已保存</value></key><key name="set_covet_label"><value>添加封面</value></key><key name="tab_forum"><value>论坛</value></key><key name="tab_index"><value>关于</value></key><key name="tab_users"><value>乐友</value></key><key name="upload_file_extension_is_not_allowed"><value>仅支持jpg, jpeg, png 和 gif 文件格式</value></key><key name="upload_label"><value>上传封面</value></key><key name="usercredits_action_add_cover"><value>添加乐群封面</value></key><key name="validation_error_image_size"><value>请选择图片，其应该满足至少 &lt;b&gt;{$minWidth} 像素宽和 {$minHeight} 像素高&lt;/b&gt;.</value></key><key name="widget_album_name_validation_error"><value>相册名称不可为空</value></key><key name="widget_height_validation_error"><value>为了保证较好的效果，应保持在{$min}和{$max}像素（pixels）之间</value></key><key name="widget_info_title"><value>描述</value></key><key name="widget_setting_cover_height"><value>封面高度</value></key><key name="widget_setting_photo_album"><value>相册名称</value></key><key name="widget_setting_save_to_photo"><value>保存新上传的封面到我的相册中</value></key><key name="widget_title"><value>封面</value></key></prefix>
