<?xml version="1.0" encoding="utf-8"?>
<prefix name="zlgroups" label="乐群" language_tag="zh-cn" language_label="chinese"><key name="accept_request"><value>接受</value></key><key name="activity_add_string"><value>&lt;a href="{$userUrl}"&gt;{$user}&lt;/a&gt; 创建了新乐群: &lt;a href="{$groupUrl}"&gt;{$groupTitle}&lt;/a&gt;</value></key><key name="activity_join_string"><value>&lt;a href="{$userUrl}"&gt;{$user}&lt;/a&gt; 刚加入乐群 &lt;a href="{$groupUrl}"&gt;{$groupTitle}&lt;/a&gt;</value></key><key name="additional_features"><value>其他特性</value></key><key name="add_new"><value>创建乐群</value></key><key name="add_new_label"><value>乐群</value></key><key name="add_tag"><value>添加标签</value></key><key name="admin_sidebar_menu_label"><value>乐群</value></key><key name="auth_action_label_add_comment"><value>提交新评论</value></key><key name="auth_action_label_add_tag"><value>添加标签</value></key><key name="auth_action_label_add_topic"><value>创建/编辑 主题</value></key><key name="auth_action_label_create"><value>创建乐群</value></key><key name="auth_action_label_delete_comment_by_content_owner"><value>作者可以删除评论</value></key><key name="auth_action_label_view"><value>查看乐群</value></key><key name="auth_action_label_wall_post"><value>允许乐群评论墙</value></key><key name="auth_group_label"><value>乐群</value></key><key name="comment_activity_string"><value>评论了这个乐群</value></key><key name="confirm_delete_groups"><value>您确定要删除所有乐群？</value></key><key name="console_notification_label"><value>乐群邀请</value></key><key name="create_field_description_label"><value>描述</value></key><key name="create_field_image_label"><value>图片</value></key><key name="create_field_location_label"><value>乐群大本营</value></key><key name="create_field_title_label"><value>标题</value></key><key name="create_heading"><value>创建乐群</value></key><key name="create_new_topic"><value>发布论坛新主题- {$group}</value></key><key name="create_no_permission"><value>你没有权限创建乐群</value></key><key name="create_page_description"><value>为 {$site_name} 创建新乐群</value></key><key name="create_page_title"><value>创建新乐群 - {$site_name}</value></key><key name="create_submit_btn_label"><value>创建</value></key><key name="create_success_msg"><value>乐群创建完成</value></key><key name="creator"><value>群主</value></key><key name="delete_complete_msg"><value>乐群已删除</value></key><key name="delete_confirm_msg"><value>您是否确认要删除本乐群？删除操作也会删除所有相关内容。</value></key><key name="delete_content"><value>删除内容并且卸载插件</value></key><key name="delete_content_desc"><value>在卸载乐群插件前我们必须删除所有乐群。这将花费一些时间。我们将把站点设为“维护模式”，直至卸载完成。</value></key><key name="delete_content_warning"><value>警告</value></key><key name="delete_feed_item_confirmation"><value>确定？</value></key><key name="delete_feed_item_label"><value>删除主题</value></key><key name="delete_group_label"><value>删除</value></key><key name="delete_group_user_confirmation"><value>您是否确认要从本群中删除该乐友</value></key><key name="delete_group_user_label"><value>删除乐友</value></key><key name="delete_user_success_message"><value>乐友已删除</value></key><key name="edit_back_label"><value>返回乐群</value></key><key name="edit_btn_label"><value>编辑</value></key><key name="edit_submit_btn_label"><value>保存</value></key><key name="edit_success_msg"><value>修改已保存</value></key><key name="email_notification_comment"><value>&lt;a href="{$userUrl}"&gt;{$userName}&lt;/a&gt; 在 &lt;a href="{$url}"&gt;{$title}&lt;/a&gt; 群添加了评论</value></key><key name="email_notification_comment_setting"><value>有人在我参与的乐群中添加了新评论</value></key><key name="email_notification_invite"><value>&lt;a href="{$inviterUrl}"&gt;{$inviterName}&lt;/a&gt; invited you to the group "&lt;a href="{$groupUrl}"&gt;{$groupName}&lt;/a&gt;"</value></key><key name="email_notification_section_label"><value>乐群</value></key><key name="errors_image_invalid"><value>无效图片格式。仅支持 jpg/jpeg/png/gif 格式.</value></key><key name="errors_image_upload"><value>文件上传失败</value></key><key name="errors_location"><value>请确认地址信息，地图服务暂时无法定位到您提供的这个地址！</value></key><key name="error_forum_disconnected"><value>注意: 乐群需要论坛. 访问 &lt;a href="{$url}"&gt;插件列表&lt;/a&gt; 以激活该插件</value></key><key name="feed_activity_joined"><value>{$user} 刚加入</value></key><key name="feed_activity_users"><value>乐友人数: &lt;span class="ow_txt_value"&gt;{$usersCount}&lt;/span&gt;</value></key><key name="feed_content_label"><value>乐群</value></key><key name="feed_create_string"><value>创建新乐群</value></key><key name="feed_follow_complete_msg"><value>您正在关注 {$groupTitle}</value></key><key name="feed_group_follow"><value>关注</value></key><key name="feed_group_unfollow"><value>不关注</value></key><key name="feed_join_string"><value>刚刚加入了本乐群~</value></key><key name="feed_unfollow_complete_msg"><value>您已不再关注 {$groupTitle}</value></key><key name="flags"><value>乐群</value></key><key name="form_who_can_invite_creator"><value>乐群群主</value></key><key name="form_who_can_invite_label"><value>谁可以邀请</value></key><key name="form_who_can_invite_participants"><value>参与者</value></key><key name="form_who_can_view_anybody"><value>所有人</value></key><key name="form_who_can_view_invite"><value>仅限被邀请人</value></key><key name="form_who_can_view_label"><value>谁可以查看</value></key><key name="forum_connected"><value>论坛已经连接到乐群插件</value></key><key name="general_settings"><value>常规设置</value></key><key name="groups_widget_empty"><value>没有乐群</value></key><key name="group_already_exists"><value>该乐群的名称已经存在了</value></key><key name="group_list_heading"><value>乐群</value></key><key name="group_list_menu_item_invite"><value>邀请</value></key><key name="group_list_menu_item_latest"><value>最新</value></key><key name="group_list_menu_item_my"><value>我的乐群</value></key><key name="group_list_menu_item_popular"><value>最热门</value></key><key name="group_owner_delete_error"><value>你不能删除本乐群的群主</value></key><key name="ignore_request"><value>忽略</value></key><key name="invitation_join_string_1"><value>{$user1} 邀请你加入乐群 {$group}</value></key><key name="invitation_join_string_2"><value>{$user1} ， {$user2} 邀请你加入乐群 {$group}</value></key><key name="invitation_join_string_many"><value>{$user1} ， {$user2}和 {$otherUsers} 邀请你加入乐群 {$group}</value></key><key name="invitation_join_string_other_users"><value>其他乐友</value></key><key name="invite_accept_label"><value>接受</value></key><key name="invite_btn_label"><value>邀请乐友</value></key><key name="invite_declined_message"><value>该邀请被拒绝了</value></key><key name="invite_decline_label"><value>忽略</value></key><key name="invite_fb_title"><value>邀请我的好友</value></key><key name="invite_list_heading"><value>乐群邀请</value></key><key name="invite_list_page_title"><value>乐群邀请 - {$site_name}</value></key><key name="join_complete_message"><value>你已成功加入乐群</value></key><key name="latest_list_page_description"><value>{$site_name}上最新创建的乐群</value></key><key name="latest_list_page_title"><value>{$site_name} 最新乐群</value></key><key name="leave_complete_message"><value>你已经离开乐本乐群</value></key><key name="listing_no_items_msg"><value>还没有乐群信息</value></key><key name="listing_users_label"><value>&lt;span class="ow_txt_value"&gt;{$count}&lt;/span&gt; 个乐友</value></key><key name="main_menu_list"><value>乐群</value></key><key name="my_groups"><value>我的乐群</value></key><key name="my_list_page_title"><value>我的乐群 {$site_name}</value></key><key name="notifications_new_message"><value>有人邀请我加入乐群</value></key><key name="page_title_uninstall"><value>卸载乐群插件</value></key><key name="plugin_set_for_uninstall"><value>开始卸载论坛插件</value></key><key name="popular_list_page_description"><value>{$site_name}最热门的乐群</value></key><key name="popular_list_page_title"><value>{$site_name}全站最热门的乐群</value></key><key name="post_reply_permission_error"><value>只有乐群乐友才能发布</value></key><key name="privacy_action_view_my_groups"><value>浏览我的乐群</value></key><key name="private_group_text"><value>非常抱歉，这是个私有乐群。</value></key><key name="private_page_heading"><value>私密乐群</value></key><key name="private_page_title"><value>私密乐群</value></key><key name="save_tags_btn_label"><value>更新</value></key><key name="topic_page_heading"><value>{$topic} - {$group}</value></key><key name="uninstall_inprogress"><value>进展中</value></key><key name="uninstall_inprogress_desc"><value>请稍等，所有乐群内容正在被删除。等待时间由乐群的数量决定。</value></key><key name="usercredits_action_add_comment"><value>乐群评论墙</value></key><key name="usercredits_action_add_group"><value>创建新乐群</value></key><key name="usercredits_action_add_post"><value>发布乐群话题</value></key><key name="users_invite_success_message"><value>{$count} 个乐友被邀请</value></key><key name="user_groups_page_description"><value>{$site_name}上的乐友乐群</value></key><key name="user_groups_page_title"><value>{$site_name}上面的乐群</value></key><key name="user_groups_widget_empty"><value>没有乐群</value></key><key name="user_group_list_heading"><value>{$userName}的乐群</value></key><key name="user_join_activity_string"><value>加入了乐群</value></key><key name="user_list_widget_empty"><value>抱歉，没有相关内容</value></key><key name="view_all_topics"><value>« 返回乐群话题列表</value></key><key name="view_no_permission"><value>禁止浏览群</value></key><key name="view_page_description"><value>{$description}</value></key><key name="view_page_title"><value>{$group_name} - {$site_name}上的乐群</value></key><key name="wall_widget_label"><value>评论墙</value></key><key name="widgets_panel_heading"><value>乐群配置</value></key><key name="widget_brief_info_admin"><value>群主: &lt;a href="{$url}"&gt;{$name}&lt;/a&gt;</value></key><key name="widget_brief_info_create_date"><value>创建于: {$date}</value></key><key name="widget_brief_info_label"><value>乐群介绍</value></key><key name="widget_groups_count_setting"><value>统计</value></key><key name="widget_groups_show_titles_setting"><value>显示乐群名称</value></key><key name="widget_groups_title"><value>乐群</value></key><key name="widget_invite_button_title"><value>邀请</value></key><key name="widget_join_button"><value>加入</value></key><key name="widget_join_button_title"><value>加入乐群</value></key><key name="widget_leave_button"><value>退出</value></key><key name="widget_leave_button_title"><value>退出乐群</value></key><key name="widget_location_label"><value>地址</value></key><key name="widget_tags_label"><value>标签</value></key><key name="widget_users_settings_count"><value>统计</value></key><key name="widget_users_title"><value>乐友</value></key><key name="widget_users_view_all"><value>浏览全部</value></key><key name="widget_user_groups_settings_count"><value>显示的乐群数</value></key><key name="widget_user_groups_title"><value>乐群</value></key><key name="widget_user_groups_view_all"><value>浏览全部</value></key></prefix>
