<?xml version="1.0" encoding="utf-8"?>
<prefix name="newsfeed" label="Newsfeed" language_tag="zh-cn" language_label="chinese"><key name="activity_string_self_status_like"><value>赞了这个状态</value></key><key name="activity_string_status_comment"><value>评论了{$user}的状态</value></key><key name="activity_string_status_like"><value>赞了{$user}的状态</value></key><key name="activity_string_status_self_comment"><value>评论了他们的话题……</value></key><key name="admin_allow_comments_label"><value>允许评论</value></key><key name="admin_allow_likes_label"><value>允许赞</value></key><key name="admin_comments_count_desc"><value>扩展模式下缺省允许的评论数.</value></key><key name="admin_comments_count_label"><value>已扩展的评论</value></key><key name="admin_customization_legend"><value>你可以控制显示的发布信息类型. 请注意所有更新将体现在新内容上.</value></key><key name="admin_features_expanded_label"><value>缺省扩展赞和评论</value></key><key name="admin_index_status_label"><value>允许在首页上进行状态更新</value></key><key name="admin_menu_item_customization"><value>内容</value></key><key name="admin_menu_item_settings"><value>设置</value></key><key name="admin_page_heading"><value>最新动态</value></key><key name="admin_page_title"><value>最新动态</value></key><key name="admin_save_btn"><value>保存</value></key><key name="admin_settings_title"><value>设置</value></key><key name="auth_action_label_add_comment"><value>允许状态更新评论</value></key><key name="auth_action_label_allow_status_update"><value>允许状态更新</value></key><key name="auth_group_label"><value>最新动态</value></key><key name="comment_btn_label"><value>评论</value></key><key name="customization_changed"><value>设置已保存</value></key><key name="customization_not_changed"><value>配置没有更新</value></key><key name="delete_feed_item_label"><value>删除该发布信息</value></key><key name="delete_feed_item_user_label"><value>删除用户</value></key><key name="email_notifications_empty_status_comment"><value>&lt;a href="{$userUrl}"&gt;{$userName}&lt;/a&gt; 评论了你的状态</value></key><key name="email_notifications_empty_status_like"><value>&lt;a href="{$userUrl}"&gt;{$userName}&lt;/a&gt; 赞了你的状态.</value></key><key name="email_notifications_section_label"><value>最新动态</value></key><key name="email_notifications_setting_status_comment"><value>有人评价了我的状态</value></key><key name="email_notifications_setting_status_like"><value>有人赞了我的状态</value></key><key name="email_notifications_setting_user_status"><value>有人抒发了感想</value></key><key name="email_notifications_status_comment"><value>&lt;a href="{$userUrl}"&gt;{$userName}&lt;/a&gt; 评论了你的状态 "&lt;a href="{$url}"&gt;{$status}&lt;/a&gt;".</value></key><key name="email_notifications_status_like"><value>&lt;a href="{$userUrl}"&gt;{$userName}&lt;/a&gt; 赞了你的状态 "&lt;a href="{$url}"&gt;{$status}&lt;/a&gt;".</value></key><key name="empty_feed_message"><value>暂时没有</value></key><key name="feed_action_deleted_message"><value>项目已删除</value></key><key name="feed_activity_users"><value>会员总数:&lt;span class="ow_txt_value"&gt;{$usersCount}&lt;/span&gt;</value></key><key name="feed_delete_item_label"><value>删除该发布信息</value></key><key name="feed_likes_1_label"><value>{$user1} 点了个赞~</value></key><key name="feed_likes_2_label"><value>{$user1} 和 {$user2} 点了赞</value></key><key name="feed_likes_3_label"><value>{$user1}, {$user2} 和 {$user3} 点了赞</value></key><key name="feed_likes_list_label"><value>&lt;a href="{$url}"&gt;{$count} 个人&lt;/a&gt; 点了赞</value></key><key name="feed_view_more_btn"><value>查看更多</value></key><key name="follow_button"><value>关注</value></key><key name="follow_complete_message"><value>您正在关注 {$username}</value></key><key name="guest_like_error"><value>您还未登录</value></key><key name="item_deleted_feedback"><value>项目已删除</value></key><key name="like_btn_label"><value>赞</value></key><key name="mobile_disabled_actions_message"><value>手机版本还未支持该功能. 请使用&lt;a href="{$desktopUrl}"&gt;桌面版本&lt;/a&gt;.</value></key><key name="newsfeed_feed"><value>最新动态</value></key><key name="notifications_user_status"><value>&lt;a href="{$userUrl}"&gt;{$userName}&lt;/a&gt; 对您进行了评论</value></key><key name="privacy_action_view_my_feed"><value>查看我发布的信息</value></key><key name="save_customization_btn_label"><value>保存</value></key><key name="settings_updated"><value>更新设置</value></key><key name="status_btn_label"><value>发布</value></key><key name="status_field_invintation"><value>聊一聊…</value></key><key name="string_users_and_delim"><value>和</value></key><key name="unfollow_button"><value>不关注</value></key><key name="unfollow_complete_message"><value>您已不再关注 {$username}</value></key><key name="unlike_btn_label"><value>不赞</value></key><key name="usercredits_action_add_comment"><value>评价该发布信息</value></key><key name="view_more_count_label"><value>+{$count} 更多</value></key><key name="widget_feed_title"><value>最新动态</value></key><key name="widget_settings_count"><value>待显示项</value></key><key name="widget_settings_view_more"><value>查看更多</value></key></prefix>
