<?xml version="1.0" encoding="utf-8"?>
<prefix name="ocsguests" label="Who viewed me" language_tag="zh-cn" language_label="chinese"><key name="general_settings"><value></value></key><key name="guest_list_widget_settings_count"><value></value></key><key name="months"><value>月</value></key><key name="no_guests"><value></value></key><key name="page_heading_admin"><value></value></key><key name="settings_updated"><value></value></key><key name="store_period"><value></value></key><key name="viewed_profile"><value>最近谁查看了我</value></key><key name="visited"><value></value></key></prefix>
