<?xml version="1.0" encoding="utf-8"?>
<prefix name="ocstopusers" label="Top Users by Oxwall CandyStore" language_tag="zh-cn" language_label="chinese"><key name="cmp_widget_user_count"><value></value></key><key name="cmp_widget_user_count_msg"><value></value></key><key name="email_notifications_rate_user"><value></value></key><key name="email_notifications_section_label"><value>活跃乐友</value></key><key name="email_notifications_setting_rate"><value>有人对我进行了打分评价</value></key><key name="index_widget_title"><value>最棒乐友</value></key><key name="rated_me"><value></value></key><key name="rate_info"><value></value></key><key name="total_score_label"><value>总评</value></key></prefix>
