<?xml version="1.0" encoding="utf-8"?>
<prefix name="photo" label="Photo" language_tag="zh-cn" language_label="chinese"><key name="accepted_filesize"><value>最大的文件尺寸</value></key><key name="accepted_filesize_desc"><value>超出尺寸限制的照片无法上传。一般的照片尺寸限制是 &lt;b&gt;&lt;i&gt;0.5&lt;/i&gt;&lt;/b&gt; Mb</value></key><key name="activity_string"><value>&lt;a href="{$userUrl}"&gt;{$user}&lt;/a&gt; 上传了新 &lt;a href="{$url}"&gt;照片&lt;/a&gt;.</value></key><key name="activity_string_multiple"><value>&lt;a href="{$userUrl}"&gt;{$user}&lt;/a&gt; 向相册&lt;a href="{$albumUrl}"&gt;{$albumName}&lt;/a&gt;中添加了{$count}张照片</value></key><key name="add_new"><value>添加新的</value></key><key name="admin_config"><value>照片 - 插件设置</value></key><key name="admin_menu_general"><value>常规</value></key><key name="admin_menu_view"><value>浏览设置</value></key><key name="album"><value>相册</value></key><key name="album_deleted"><value>相册已删除</value></key><key name="album_delete_not_allowed"><value>你没有删除相册的权限</value></key><key name="album_desc"><value>描述(可选)</value></key><key name="album_my_photos"><value>我的照片</value></key><key name="album_name"><value>相册名</value></key><key name="album_quota"><value>每个相册的最大照片数</value></key><key name="album_quota_desc"><value>保证这个数足够大</value></key><key name="album_quota_exceeded"><value>您已经超过了相册照片张数{$limit}的限制</value></key><key name="album_updated"><value>已更新</value></key><key name="are_you_sure"><value>您确定吗？</value></key><key name="auth_action_label_add_comment"><value>评论图片</value></key><key name="auth_action_label_upload"><value>上传照片</value></key><key name="auth_action_label_view"><value>查看图片</value></key><key name="auth_edit_permissions"><value>您没有编辑该照片的权限</value></key><key name="auth_group_label"><value>图片</value></key><key name="auth_upload_permissions"><value>您不被允许上传图片</value></key><key name="auth_view_permissions"><value>你没有访问该内容的权限</value></key><key name="btn_edit"><value>保存</value></key><key name="btn_upload"><value>上传</value></key><key name="check_all"><value>检查所有</value></key><key name="choose_album"><value>选择相册</value></key><key name="choose_existing_or_create"><value>选择已有相册或创建新相册</value></key><key name="close_alert"><value>你确定要取消上传?</value></key><key name="cmp_widget_photo_albums_count"><value>相册图片数</value></key><key name="cmp_widget_photo_albums_show_titles"><value>显示相册标题</value></key><key name="cmp_widget_photo_count"><value>浏览照片数</value></key><key name="comments_count"><value>评论</value></key><key name="comment_activity_string"><value>&lt;a href="{$commentorUrl}"&gt;{$commentor}&lt;/a&gt; 评论了 &lt;a href="{$ownerUrl}"&gt;{$owner}&lt;/a&gt;的 &lt;a href="{$url}"&gt;图片&lt;/a&gt;</value></key><key name="comment_count"><value></value></key><key name="confirm_delete"><value>你确定要删除图片?</value></key><key name="confirm_delete_photos"><value>你确定想移除图片?</value></key><key name="cover_original"><value>旧封面</value></key><key name="cover_preview"><value>预览封面</value></key><key name="create_album"><value>创建新相册</value></key><key name="crop_photo_title"><value>修剪相册封面</value></key><key name="delete_album"><value>删除相册</value></key><key name="delete_content"><value>删除内容并卸载插件</value></key><key name="delete_content_desc"><value>在卸载插件前我们必须删除所有照片。这会发费一些时间。我们将把网站设为“维护”模式，在卸载完成后恢复正常状态。</value></key><key name="delete_content_warning"><value>警告</value></key><key name="delete_photo"><value>删除</value></key><key name="delete_selected"><value>删除已选择项目</value></key><key name="describe_photo"><value>描述...</value></key><key name="dnd_not_support"><value>点击浏览图片</value></key><key name="dnd_support"><value>在这里 拖 &amp; 拽 照片，或点击浏览</value></key><key name="done"><value>完成</value></key><key name="download_accept_label"><value>允许用户下载照片</value></key><key name="download_photo"><value>下载</value></key><key name="drop_here"><value>修剪照片以开始上传</value></key><key name="edit_album"><value>编辑相册</value></key><key name="edit_cover_label"><value>编辑封面</value></key><key name="effects"><value>效果</value></key><key name="effect_fade"><value>渐变</value></key><key name="effect_slide"><value>页面</value></key><key name="email_notifications_comment"><value>&lt;a href="{$userUrl}"&gt;{$userName}&lt;/a&gt; 评论了你的&lt;a href="{$photoUrl}"&gt;图片&lt;/a&gt;.</value></key><key name="email_notifications_section_label"><value>图片</value></key><key name="email_notifications_setting_comment"><value>有人对我的照片进行了评论</value></key><key name="enable_advanced_upload"><value>开放高级上传功能</value></key><key name="error_cant_write"><value>将文件写入磁盘失败</value></key><key name="error_extension"><value>系统禁止文件上传，请联系系统管理员.</value></key><key name="error_form_size"><value>上传的文件超过了在HTML表单中MAX_FILE_SIZE定义的值</value></key><key name="error_ini_size"><value>上传的文件超过了在文件php.ini中upload_max_filesize 定义的值</value></key><key name="error_no_file"><value>没有文件上传</value></key><key name="error_no_tmp_dir"><value>缺少临时文件夹</value></key><key name="error_partial"><value>上传的文件仅部分完成了上传</value></key><key name="feed_activity_owner_photo_like"><value>赞了这张图片</value></key><key name="feed_activity_owner_photo_string"><value>评论了图片</value></key><key name="feed_activity_photo_string"><value>评论了{$user}的图片</value></key><key name="feed_activity_photo_string_like"><value>赞了{$user}的图片</value></key><key name="feed_content_label"><value>图片</value></key><key name="feed_more_items"><value>和 {$moreCount} 更多</value></key><key name="feed_move_photo_descriptions"><value>上传&lt;a href="{$albumUrl}"&gt; {$number}&lt;/a&gt;新图片</value></key><key name="feed_multiple_descriptions"><value>上传了 {$number} 新照片到 &lt;a href="{$albumUrl}"&gt;{$albumName}&lt;/a&gt; 相册</value></key><key name="feed_single_description"><value>上传了 {$number} 张图片到相册 &lt;a href="{$albumUrl}"&gt;{$albumName}&lt;/a&gt;</value></key><key name="file_size_validation_error"><value>数据不正确或大于服务器限制</value></key><key name="flags"><value>图片</value></key><key name="mark_featured"><value>设为推荐</value></key><key name="menu_albums"><value>相册</value></key><key name="menu_explore"><value>浏览</value></key><key name="menu_featured"><value>推荐</value></key><key name="menu_latest"><value>最新</value></key><key name="menu_most_discussed"><value>最关注</value></key><key name="menu_my_photos"><value>我的照片</value></key><key name="menu_photos"><value>照片</value></key><key name="menu_toprated"><value>排行</value></key><key name="meta_description_photo_featured"><value>{$site_name}上的精选图片</value></key><key name="meta_description_photo_latest"><value>{$site_name}上的最新图片</value></key><key name="meta_description_photo_tagged"><value>按标签浏览: {$topTags}, 和其他。</value></key><key name="meta_description_photo_tagged_as"><value>查看标签为 '{$tag}' 的照片.</value></key><key name="meta_description_photo_toprated"><value>{$site_name}上的高分图片</value></key><key name="meta_description_photo_upload"><value>上传新照片到 {$site_name}.</value></key><key name="meta_description_photo_useralbum"><value>{$displayName}的{$number} 张照片.</value></key><key name="meta_description_photo_useralbums"><value>{$displayName} 照片 - {$albums}, 和其他的.</value></key><key name="meta_description_photo_view"><value>{$title} - {$tags}标签下的图片.</value></key><key name="meta_title_photo_featured"><value>推荐照片 - {$site_name}</value></key><key name="meta_title_photo_latest"><value>最新照片 - {$site_name}</value></key><key name="meta_title_photo_most_discussed"><value>最关注的照片</value></key><key name="meta_title_photo_tagged"><value>按标签浏览图片 - {$site_name}</value></key><key name="meta_title_photo_tagged_as"><value>'{$tag}' 照片 - {$site_name}</value></key><key name="meta_title_photo_toprated"><value>排行最高的照片 - {$site_name}</value></key><key name="meta_title_photo_upload"><value>上传照片 - {$site_name}</value></key><key name="meta_title_photo_useralbum"><value>{$albumName} ( {$displayName} 创建的相册) - {$site_name}</value></key><key name="meta_title_photo_useralbums"><value>{$displayName}的相册 - {$site_name}</value></key><key name="meta_title_photo_view"><value>照片 {$title} -  {$site_name}</value></key><key name="mobile_choose_photo"><value>选择图片</value></key><key name="mobile_photo"><value>图片</value></key><key name="mobile_replace_photo"><value>替代图片</value></key><key name="move_to_album"><value>移到相册</value></key><key name="move_to_new_album"><value>把图片移到新相册</value></key><key name="my_albums"><value>我的相册</value></key><key name="newsfeed_album"><value>动态图片</value></key><key name="newsfeed_album_error_msg"><value>你不可以使用这个名称来创建或上传照片</value></key><key name="next"><value>下一张</value></key><key name="not_all_photos_uploaded"><value>有些照片由于多大或格式错误没有上传</value></key><key name="no_album_found"><value>没有相册</value></key><key name="no_items"><value>暂时没有</value></key><key name="no_photo"><value>没有图片…</value></key><key name="no_photo_found"><value>没找到图片</value></key><key name="no_photo_selected"><value>没选中图片</value></key><key name="no_photo_uploaded"><value>由于尺寸或格式原因，照片上传失败</value></key><key name="of"><value>的</value></key><key name="page_title_browse_photos"><value>浏览照片</value></key><key name="page_title_uninstall"><value>卸载照片插件</value></key><key name="page_title_user_albums"><value>{$user} 的相册</value></key><key name="permission_exceeded"><value>你只有能够上传{$count}张中{$uploaded}张照片的乐豆。请获取更多乐豆以完成剩余照片的上传</value></key><key name="photo"><value>图片</value></key><key name="photos_deleted"><value>照片已删除</value></key><key name="photos_in_album"><value>{$total} 照片</value></key><key name="photos_uploaded"><value>{$count} 张照片已上传</value></key><key name="photo_album_updated"><value>相册已保存</value></key><key name="photo_deleted"><value>照片已删除</value></key><key name="photo_index"><value>图片</value></key><key name="photo_list_widget"><value>照片</value></key><key name="photo_not_deleted"><value>照片未删除</value></key><key name="photo_success_moved"><value>照片已成功删除</value></key><key name="photo_updated"><value>照片已上传</value></key><key name="photo_upload_error"><value>请至少上传一张照片</value></key><key name="play_pause"><value>演示/暂停</value></key><key name="please_wait"><value>请等待之前的图片上传完成</value></key><key name="plugin_set_for_uninstall"><value>照片插件开始卸载</value></key><key name="preview_size"><value>预览图片大小</value></key><key name="previous"><value>之前的照片</value></key><key name="privacy_action_view_album"><value>查看我的相册</value></key><key name="quotas"><value>限额</value></key><key name="quota_exceeded"><value>你已经超过了 {$limit} 照片的限额</value></key><key name="rating"><value>评分</value></key><key name="rating_total"><value>(总计 {$count})</value></key><key name="rating_your"><value>(总计 {$count}. 你得分为 {$score})</value></key><key name="remove_from_featured"><value>取消推荐</value></key><key name="save_as_avatar"><value>保存为头像</value></key><key name="save_as_cover"><value>设置为相册封面</value></key><key name="search_invitation"><value>查找文本, @用户名 或 #标签</value></key><key name="search_result_empty"><value>暂时没有找到</value></key><key name="select_one_photo_warning"><value>选择一个照片作为封面</value></key><key name="settings_updated"><value>配置已更新</value></key><key name="set_as_album_cover"><value>设置为相册封面</value></key><key name="set_as_cover_label"><value>设置为相册封面</value></key><key name="show_by"><value>显示</value></key><key name="size_limit"><value>照片 "{$name}" 文件不可以大于 &lt;b&gt;{$size}&lt;/b&gt; Mb</value></key><key name="slideshow_interval"><value>幻灯演示时间: </value></key><key name="slideshow_settings"><value>设置</value></key><key name="status_changed"><value>照片状态已改变</value></key><key name="store_full_size"><value>全屏</value></key><key name="tb_edit_photo"><value>编辑图片</value></key><key name="total_albums"><value>{$total} 相册数</value></key><key name="to_small_cover_img"><value>这张图片太小不能设置为相册封面。 最小尺寸是 330x330</value></key><key name="type_error"><value>不合适的文件类型: {$name}</value></key><key name="uninstall_inprogress"><value>进展中</value></key><key name="uninstall_inprogress_desc"><value>当所有照片被移除时请稍等一会，等待时间取决于图片数。</value></key><key name="upload"><value>上传</value></key><key name="upload_ini_value"><value>(限制: {$value})</value></key><key name="upload_photos"><value>上传照片</value></key><key name="upload_settings"><value>上传设置</value></key><key name="usercredits_action_add_comment"><value>评论图片</value></key><key name="usercredits_action_add_photo"><value>添加图片</value></key><key name="user_photo_albums_widget"><value>相册</value></key><key name="user_quota"><value>对于用户的照片最大数目</value></key><key name="user_quota_desc"><value>保持这个数值尽可能的大</value></key><key name="view_fullsize"><value>查看全尺寸</value></key></prefix>
