<?xml version="1.0" encoding="utf-8"?>
<prefix name="questions" label="Questions" language_tag="zh-cn" language_label="chinese"><key name="admin_allow_comments_label"><value>允许评论</value></key><key name="admin_allow_popups_desc"><value>在弹出对话窗口中显示问题</value></key><key name="admin_allow_popups_label"><value>允许弹出方式</value></key><key name="admin_enable_follow_desc"><value>允许乐友关注问题</value></key><key name="admin_enable_follow_label"><value>允许关注</value></key><key name="admin_extended_version"><value>扩展版本</value></key><key name="admin_extended_version_page_heading"><value>扩展问题</value></key><key name="admin_general_settings"><value>设置</value></key><key name="admin_list_order_label"><value>缺省列表顺序</value></key><key name="admin_main_page_heading"><value>问题</value></key><key name="admin_main_page_title"><value>问题</value></key><key name="admin_main_settings_title"><value>通用设置</value></key><key name="admin_save_btn"><value>保存</value></key><key name="admin_settings_updated"><value>设置以更新</value></key><key name="admin_setup_extended_version_notification"><value>应用商店提供了&lt;b&gt;问题&lt;/b&gt; 插件的扩展版本. &lt;a href="{$href}"&gt;了解更多...&lt;/a&gt;</value></key><key name="admin_setup_go_to_store"><value>去应用商店</value></key><key name="auth_add_answer"><value>给其他乐友的问题添加选项</value></key><key name="auth_add_comment"><value>允许评论</value></key><key name="auth_answer"><value>回答问题</value></key><key name="auth_answer_delete_comment"><value>问题作者可以删除评论</value></key><key name="auth_ask"><value>提出问题</value></key><key name="auth_group_label"><value>问题</value></key><key name="counter_comments_label"><value>评论</value></key><key name="counter_follows_label"><value>关注者</value></key><key name="counter_votes_label"><value>投票</value></key><key name="delete_question_confirm"><value>是否确认删除问题？</value></key><key name="email_notifications_answer"><value>&amp;lt;a href="{$userUrl}"&amp;gt;{$userName}&amp;lt;/a&amp;gt; 对 &amp;lt;a href="{$questionUrl}"&amp;gt;question&amp;lt;/a&amp;gt; with &amp;lt;a href="{$questionUrl}"&amp;gt;{$answer}&amp;lt;/a&amp;gt;进行了回复</value></key><key name="email_notifications_post"><value>&amp;lt;a href="{$userUrl}"&amp;gt;{$userName}&amp;lt;/a&amp;gt; 对 &amp;lt;a href="{$questionUrl}"&amp;gt;{$question}&amp;lt;/a&amp;gt;进行了评价</value></key><key name="email_notifications_section_label"><value>问题</value></key><key name="email_notifications_setting_answer"><value>有人对我关注的问题进行了回复</value></key><key name="email_notifications_setting_post"><value>有人对我关注的问题进行了评价</value></key><key name="equestions+email_notifications_post"><value>&amp;lt;a href="{$userUrl}"&amp;gt;{$userName}&amp;lt;/a&amp;gt; 对 &amp;lt;a href="{$questionUrl}"&amp;gt;{$question}&amp;lt;/a&amp;gt;进行了评价</value></key><key name="feedback_option_max_length"><value>你输入的答案文本较长，请重新输入.</value></key><key name="feedback_question_dublicate_option"><value>你试图添加的问题选项已经存在</value></key><key name="feedback_question_empty"><value>请输入合理（非空）问题.</value></key><key name="feedback_question_max_length"><value>你输入的问题文本较长，请重新输入.</value></key><key name="feedback_question_min_length"><value>你输入的问题太短，请重新输入.</value></key><key name="feedback_question_two_apt_required"><value>请添加至少两个选项或允许乐友添加选项</value></key><key name="feed_content_label"><value>问题</value></key><key name="feed_order_latest"><value>最近</value></key><key name="feed_order_popular"><value>最流行</value></key><key name="followers_fb_title"><value>正在关注这个问题的乐友</value></key><key name="item_text_answer"><value>用 {$with} 对 {$question} 进行了解答</value></key><key name="item_text_create"><value>已提问 {$question}</value></key><key name="item_text_follow"><value>已关注 {$question}</value></key><key name="item_text_post"><value>用 {$with} 对 {$question} 进行了评价</value></key><key name="list_all_page_description"><value>最近在 {$site_name} 上的问题</value></key><key name="list_all_page_title"><value>问题</value></key><key name="list_all_tab"><value>所有问题</value></key><key name="list_friends_page_title"><value>好友们在 {$site_name} 上的问题</value></key><key name="list_friends_tab"><value>朋友们的问题</value></key><key name="list_heading"><value>问题</value></key><key name="list_my_page_title"><value>我在{$site_name}上的问题</value></key><key name="list_my_tab"><value>我的问题</value></key><key name="main_menu_list"><value>问题</value></key><key name="more_options_btn"><value>&amp;lt;span class="qa-vm-count"&amp;gt;{$count}&amp;lt;/span&amp;gt; 更多...</value></key><key name="more_users_title"><value>[count] 其他人</value></key><key name="newsfeed_question_tab"><value>问题</value></key><key name="newsfeed_status_tab"><value>状态</value></key><key name="notifications_answer"><value>{$user} 用{$answer}回答 {$question}</value></key><key name="notifications_post"><value>{$user} 对 {$question} 进行了评价 {$post}</value></key><key name="not_authed_delete_warning"><value>你需要登陆才可以删除问题</value></key><key name="not_authed_follow_warning"><value>你需要登陆以进行关注</value></key><key name="not_authed_unfollow_warning"><value>你需要登陆以取消关注</value></key><key name="option_add_btn"><value>添加</value></key><key name="option_add_inv"><value>添加一个答案...</value></key><key name="option_not_empty_delete_warning"><value>你是否确定要删除这个选项及所有相关投票？该操作不可逆</value></key><key name="privacy_action_view_my_questions"><value>查看我的问题</value></key><key name="question_add_allow_add_opt"><value>允许任何人添加选项</value></key><key name="question_add_answers_label"><value>投票选项</value></key><key name="question_add_option_inv"><value>添加一个选项...</value></key><key name="question_add_save"><value>提问</value></key><key name="question_add_show_options_btn"><value>提问</value></key><key name="question_add_text_inv"><value>提些问题吧...</value></key><key name="question_asked_by"><value>提出人：</value></key><key name="question_delete_complete_msg"><value>问题已删除</value></key><key name="question_fb_title"><value>问题</value></key><key name="question_list_no_items"><value>暂时没有问题</value></key><key name="question_not_found"><value>未发现问题</value></key><key name="question_page_description"><value>{$question}</value></key><key name="question_page_title"><value>{$site_name}上的问题</value></key><key name="toolbar_comment_btn"><value>评论</value></key><key name="toolbar_delete_btn"><value>删除</value></key><key name="toolbar_follow_btn"><value>关注</value></key><key name="toolbar_unfollow_btn"><value>不关注</value></key><key name="toolbar_unvote_btn"><value>不投给</value></key><key name="users_fb_title"><value>乐友</value></key><key name="view_more_questions_btn"><value>查看更多</value></key><key name="widget_settings_add_new"><value>允许添加新问题</value></key><key name="widget_settings_count"><value>显示项目</value></key><key name="widget_settings_order"><value>列表顺序</value></key><key name="widget_title"><value>问题</value></key></prefix>
