<?xml version="1.0" encoding="utf-8"?>
<prefix name="slideshow" label="Image Slideshow" language_tag="zh-cn" language_label="chinese"><key name="add_image"><value>添加图片</value></key><key name="add_new"><value>添加新的</value></key><key name="add_slide"><value>Add Slide</value></key><key name="confirm_delete_plugin"><value>你是否确定要卸载这个插件?</value></key><key name="delete_content"><value>删除内容并卸载插件</value></key><key name="delete_content_desc"><value>在卸载该插件时需要删除所有存在的相关内容。这会花费一些时间.</value></key><key name="delete_content_warning"><value>警告</value></key><key name="delete_slide_confirm"><value>你是否确认要删除该内容?</value></key><key name="edit_slide"><value>编辑幻灯片</value></key><key name="effect"><value>Effect</value></key><key name="effect_fade"><value>fade</value></key><key name="effect_slide"><value>slide</value></key><key name="file"><value>File</value></key><key name="images"><value>图片</value></key><key name="interval"><value>Interval</value></key><key name="interval_long"><value>long</value></key><key name="interval_medium"><value>medium</value></key><key name="interval_short"><value>short</value></key><key name="label"><value>Label</value></key><key name="navigation"><value>Navigation</value></key><key name="no_images"><value>No images added</value></key><key name="optional"><value>Optional</value></key><key name="page_title_uninstall"><value>Uninstall slideshow plugin</value></key><key name="plugin_set_for_uninstall"><value>Slideshow plugin uninstall initiated.</value></key><key name="rearrange_tip"><value>&lt;span class="ow_mild_green"&gt;Drag'n'drop&lt;/span&gt; images to rearrange their order.</value></key><key name="settings"><value>Slideshow Settings</value></key><key name="uninstall_inprogress"><value>In progress</value></key><key name="uninstall_inprogress_desc"><value>Please wait while all slideshow content is being removed. This make take awhile depending on the number of slideshows on your site.</value></key><key name="url"><value>URL</value></key><key name="widget_title"><value>幻灯片</value></key></prefix>
