<?xml version="1.0" encoding="utf-8"?>
<prefix name="hint" label="User Hint" language_tag="zh-cn" language_label="chinese"><key name="admin-hit-preview"><value>预览</value></key><key name="admin_button_configuration_label"><value>活动</value></key><key name="admin_button_dnd_legend"><value>你可以通过拖拽改变按钮的顺序</value></key><key name="admin_button_features_label"><value>其他功能</value></key><key name="admin_configs_saved"><value>用户提示配置已保存</value></key><key name="admin_configuration_label"><value>用户提示配置</value></key><key name="admin_heading"><value>用户提示</value></key><key name="admin_info0_label"><value>第一行</value></key><key name="admin_info1_label"><value>第二行</value></key><key name="admin_info2_label"><value>第三行</value></key><key name="admin_info_label"><value>用户信息</value></key><key name="admin_notification"><value>{$plugin} 需要你设置. 请查看 &amp;lt;a href="{$settingsUrl}"&amp;gt;设置部分&amp;lt;/a&amp;gt; 以更新设置.</value></key><key name="admin_profile_cover_option"><value>封面图片</value></key><key name="admin_save_btn"><value>保存</value></key><key name="button_friends_add_label"><value>添加好友</value></key><key name="button_friends_remove_label"><value>删除好友</value></key><key name="button_send_message_label"><value>发送消息</value></key><key name="button_view_profile_config"><value>查看个人信息</value></key><key name="button_view_profile_label"><value>查看个人信息</value></key><key name="friend_list_fb_title"><value>{$user}的好友</value></key><key name="info-about-label"><value>关于我自己</value></key><key name="info-about-preview"><value>关于我自己</value></key><key name="info-activity"><value>活动: &amp;lt;span class="ow_remark"&amp;gt;{$activity}&amp;lt;/span&amp;gt;</value></key><key name="info-activity-label"><value>用户活动</value></key><key name="info-activity-preview"><value>活动: &amp;lt;span class="ow_remark"&amp;gt;2天前&amp;lt;/span&amp;gt;</value></key><key name="info-gender-age-label"><value>性别 + 年龄</value></key><key name="info-gender-age-preview"><value>性别 + 年龄</value></key><key name="info-question-label"><value>个人信息问题</value></key><key name="info_friend_list_label"><value>好友</value></key><key name="info_photo_count"><value>照片: &amp;lt;a href="{$url}"&amp;gt;{$count}&amp;lt;/a&amp;gt;</value></key><key name="info_photo_count_label"><value>照片数</value></key><key name="info_photo_count_preview"><value>照片: &amp;lt;a href="javascript://"&amp;gt;10&amp;lt;/a&amp;gt;</value></key><key name="info_video_count_label"><value>视频数</value></key><key name="info_video_count_preview"><value>视频: &amp;lt;a href="javascript://"&amp;gt;10&amp;lt;/a&amp;gt;</value></key><key name="info_vide_count"><value>视频: &amp;lt;a href="{$url}"&amp;gt;{$count}&amp;lt;/a&amp;gt;</value></key><key name="leave_review_suggest"><value>如果你喜欢，请, &amp;lt;a href="{$pluginUrl}" target="_blank"&amp;gt;给个好评&amp;lt;/a&amp;gt;吧.</value></key><key name="mcompose_required_long"><value>你需要安装 {$plugin} 以支持 &amp;lt;b&amp;gt;{$feature}&amp;lt;/b&amp;gt; 功能.</value></key><key name="mcompose_required_short"><value>需要{$plugin}</value></key><key name="uheader_required_long"><value>你需要安装 {$plugin} 以支持 &amp;lt;b&amp;gt;{$feature}&amp;lt;/b&amp;gt; 功能.</value></key><key name="uheader_required_short"><value>需要{$plugin}</value></key><key name="view_all_users_title"><value>查看所有</value></key></prefix>
