<?xml version="1.0" encoding="utf-8"?>
<prefix name="questions" label="Questions" language_tag="zh-cn" language_label="chinese"><key name="admin_allow_comments_label"><value></value></key><key name="admin_allow_popups_desc"><value></value></key><key name="admin_allow_popups_label"><value></value></key><key name="admin_enable_follow_desc"><value></value></key><key name="admin_enable_follow_label"><value></value></key><key name="admin_extended_version"><value></value></key><key name="admin_extended_version_page_heading"><value></value></key><key name="admin_general_settings"><value></value></key><key name="admin_list_order_label"><value></value></key><key name="admin_main_page_heading"><value></value></key><key name="admin_main_page_title"><value></value></key><key name="admin_main_settings_title"><value></value></key><key name="admin_save_btn"><value></value></key><key name="admin_settings_updated"><value></value></key><key name="admin_setup_extended_version_notification"><value>Extended version of &lt;b&gt;Questions&lt;/b&gt; plugin is available on Store. &lt;a href="{$href}"&gt;Read more...&lt;/a&gt;</value></key><key name="admin_setup_go_to_store"><value></value></key><key name="auth_add_answer"><value></value></key><key name="auth_add_comment"><value></value></key><key name="auth_answer"><value></value></key><key name="auth_answer_delete_comment"><value></value></key><key name="auth_ask"><value></value></key><key name="auth_group_label"><value></value></key><key name="counter_comments_label"><value></value></key><key name="counter_follows_label"><value></value></key><key name="counter_votes_label"><value></value></key><key name="delete_question_confirm"><value></value></key><key name="email_notifications_answer"><value></value></key><key name="email_notifications_post"><value></value></key><key name="email_notifications_section_label"><value>问题</value></key><key name="email_notifications_setting_answer"><value></value></key><key name="email_notifications_setting_post"><value></value></key><key name="equestions+email_notifications_post"><value></value></key><key name="feedback_option_max_length"><value></value></key><key name="feedback_question_dublicate_option"><value></value></key><key name="feedback_question_empty"><value></value></key><key name="feedback_question_max_length"><value></value></key><key name="feedback_question_min_length"><value></value></key><key name="feedback_question_two_apt_required"><value></value></key><key name="feed_content_label"><value></value></key><key name="feed_order_latest"><value>最近</value></key><key name="feed_order_popular"><value>最流行</value></key><key name="followers_fb_title"><value></value></key><key name="item_text_answer"><value></value></key><key name="item_text_create"><value></value></key><key name="item_text_follow"><value></value></key><key name="item_text_post"><value></value></key><key name="list_all_page_description"><value></value></key><key name="list_all_page_title"><value>问题</value></key><key name="list_all_tab"><value>所有问题</value></key><key name="list_friends_page_title"><value></value></key><key name="list_friends_tab"><value>朋友们的问题</value></key><key name="list_heading"><value>问题</value></key><key name="list_my_page_title"><value></value></key><key name="list_my_tab"><value>我的问题</value></key><key name="main_menu_list"><value>问题</value></key><key name="more_options_btn"><value></value></key><key name="more_users_title"><value></value></key><key name="newsfeed_question_tab"><value>问题</value></key><key name="newsfeed_status_tab"><value>状态</value></key><key name="notifications_answer"><value></value></key><key name="notifications_post"><value></value></key><key name="not_authed_delete_warning"><value></value></key><key name="not_authed_follow_warning"><value></value></key><key name="not_authed_unfollow_warning"><value></value></key><key name="option_add_btn"><value></value></key><key name="option_add_inv"><value></value></key><key name="option_not_empty_delete_warning"><value></value></key><key name="privacy_action_view_my_questions"><value></value></key><key name="question_add_allow_add_opt"><value></value></key><key name="question_add_answers_label"><value></value></key><key name="question_add_option_inv"><value></value></key><key name="question_add_save"><value>提问</value></key><key name="question_add_show_options_btn"><value>提问</value></key><key name="question_add_text_inv"><value>提些问题吧...</value></key><key name="question_asked_by"><value></value></key><key name="question_delete_complete_msg"><value></value></key><key name="question_fb_title"><value></value></key><key name="question_list_no_items"><value>暂时没有问题</value></key><key name="question_not_found"><value></value></key><key name="question_page_description"><value></value></key><key name="question_page_title"><value></value></key><key name="toolbar_comment_btn"><value></value></key><key name="toolbar_delete_btn"><value></value></key><key name="toolbar_follow_btn"><value></value></key><key name="toolbar_unfollow_btn"><value></value></key><key name="toolbar_unvote_btn"><value></value></key><key name="users_fb_title"><value></value></key><key name="view_more_questions_btn"><value></value></key><key name="widget_settings_add_new"><value></value></key><key name="widget_settings_count"><value></value></key><key name="widget_settings_order"><value></value></key><key name="widget_title"><value>问题</value></key></prefix>
