<?xml version="1.0" encoding="utf-8"?>
<prefix name="snippets" label="Profile Snippets" language_tag="zh-cn" language_label="chinese"><key name="active_section_label"><value>活动的</value></key><key name="admin_heading"><value>信息概览</value></key><key name="admin_help_brief"><value>This plugin adds a widget named "Profile Snippets" to &amp;lt;a href="{$userSettings}" target="_blank"&amp;gt;User Profile&amp;lt;/a&amp;gt;.</value></key><key name="config_step1"><value>Follow to &amp;lt;a href="{$userSettings}" target="_blank"&amp;gt;User Profile settings&amp;lt;/a&amp;gt; page</value></key><key name="config_step2"><value>Click the edit widget button ( highlighted on the image below ) on the "Profile Snippets" widget</value></key><key name="config_step3"><value>You will see the widget settings popup.&lt;/value&gt;&lt;/key&gt;&lt;key name="config_steps_end"&gt;&lt;value&gt;That is all! You can change default settings of the widget in this popup.&amp;lt;br /&amp;gt;&amp;#13;&#13;
You can rearrange the snippets list, hide some of them, etc...&amp;#13;&#13;
&amp;lt;br /&amp;gt;&amp;#13;&#13;
&amp;lt;br /&amp;gt;&amp;#13;&#13;
But do not forget that users are able to overwrite this settings. To disallow them doing it you can check the "Freeze" option of the settings.</value></key><key name="config_steps_end"><value>That is all! You can change default settings of the widget in this popup.&amp;lt;br /&amp;gt;&amp;#13;&#13;
You can rearrange the snippets list, hide some of them, etc...&amp;#13;&#13;
&amp;lt;br /&amp;gt;&amp;#13;&#13;
&amp;lt;br /&amp;gt;&amp;#13;&#13;
But do not forget that users are able to overwrite this settings. To disallow them doing it you can check the "Freeze" option of the settings.&lt;/value&gt;&lt;/key&gt;&lt;key name="config_steps_label"&gt;&lt;value&gt;If you do not know how to configure widgets or couldn't find the widget settings - &amp;lt;a href="javascript://" id="snippets-show-manual"&amp;gt;click here&amp;lt;/a&amp;gt; to read a brief instruction.&amp;#13;&#13;
&amp;lt;br /&amp;gt;&amp;#13;&#13;
&amp;lt;br /&amp;gt;</value></key><key name="config_steps_label"><value>If you do not know how to configure widgets or couldn't find the widget settings - &amp;lt;a href="javascript://" id="snippets-show-manual"&amp;gt;click here&amp;lt;/a&amp;gt; to read a brief instruction.&amp;#13;&#13;
&amp;lt;br /&amp;gt;&amp;#13;&#13;
&amp;lt;br /&amp;gt;</value></key><key name="empty_active_section"><value>Drag snippets here to make them visible</value></key><key name="empty_hidden_section"><value>Drag snippets here to hide them</value></key><key name="hidden_section_label"><value>隐藏</value></key><key name="leave_review_suggest"><value>Please, &amp;lt;a href="{$pluginUrl}" target="_blank"&amp;gt;leave a review&amp;lt;/a&amp;gt;  if you liked the plugin.</value></key><key name="no_items"><value>没有内容</value></key><key name="snippet_events"><value>乐子: {$count}</value></key><key name="snippet_events_preview"><value>乐子</value></key><key name="snippet_friends"><value>好友: {$count}</value></key><key name="snippet_friends_preview"><value>好友</value></key><key name="snippet_groups"><value>乐群: {$count}</value></key><key name="snippet_groups_preview"><value>乐群</value></key><key name="snippet_photos"><value>照片: {$count}</value></key><key name="snippet_photo_preview"><value>照片</value></key><key name="snippet_video"><value>视频: {$count}</value></key><key name="snippet_video_preview"><value>视频</value></key><key name="snippet_virtual_gifts"><value>礼物: {$count}</value></key><key name="snippet_virtual_gifts_preview"><value>礼物</value></key><key name="widget_user_title"><value>信息概况</value></key></prefix>
