<?xml version="1.0" encoding="utf-8"?>
<prefix name="video" label="Video" language_tag="zh-cn" language_label="chinese"><key name="activity_string"><value>&lt;a href="{$userUrl}"&gt;{$user}&lt;/a&gt; added new video: &lt;a href="{$url}"&gt;{$clipTitle}&lt;/a&gt;</value></key><key name="added"><value>Added</value></key><key name="add_new"><value>添加新的</value></key><key name="admin_config"><value>Video - Plugin Settings</value></key><key name="admin_menu_general"><value>常规</value></key><key name="auth_action_label_add"><value>添加视频</value></key><key name="auth_action_label_add_comment"><value>Comment video</value></key><key name="auth_action_label_delete_comment_by_content_owner"><value>The content owner can delete comments</value></key><key name="auth_action_label_view"><value>浏览视频</value></key><key name="auth_add_permissions"><value>你没有足够权限，无法添加视频文件！</value></key><key name="auth_group_label"><value>视频</value></key><key name="auth_view_permissions"><value>你未被允许浏览视频</value></key><key name="btn_add"><value>添加</value></key><key name="btn_edit"><value>保存</value></key><key name="clips_by"><value>Music video by</value></key><key name="clip_added"><value>视频已添加</value></key><key name="clip_deleted"><value>视频已删除</value></key><key name="clip_not_deleted"><value>Video NOT deleted</value></key><key name="clip_updated"><value>Video updated</value></key><key name="cmp_widget_user_video_show_titles"><value>显示视频标题</value></key><key name="cmp_widget_video_count"><value>Number of videos to show</value></key><key name="cmp_widget_video_count_msg"><value>Use a number between 1 and 20</value></key><key name="code"><value>Embed code</value></key><key name="code_desc"><value>Use video embed code from resources like Youtube, Metacafe, Google Video and others.</value></key><key name="comment_activity_string"><value>&lt;a href="{$commentorUrl}"&gt;{$commentor}&lt;/a&gt; commented on &lt;a href="{$ownerUrl}"&gt;{$owner}&lt;/a&gt;'s video: &lt;a href="{$url}"&gt;{$title}&lt;/a&gt;</value></key><key name="confirm_delete"><value>Are you sure you want to delete video?</value></key><key name="description"><value>描述</value></key><key name="description_desc"><value>简短描述</value></key><key name="email_notifications_comment"><value>&lt;a href="{$userUrl}"&gt;{$userName}&lt;/a&gt; commented on your video: &lt;a href="{$videoUrl}"&gt;{$videoTitle}&lt;/a&gt;</value></key><key name="email_notifications_section_label"><value>视频</value></key><key name="email_notifications_setting_comment"><value>Someone comments on my video</value></key><key name="feed_activity_owner_video_like"><value>赞了这个视频</value></key><key name="feed_activity_owner_video_string"><value>commented on their video</value></key><key name="feed_activity_video_string"><value>commented on {$user}'s video</value></key><key name="feed_activity_video_string_like"><value>赞了{$user}的视频</value></key><key name="feed_content_label"><value>视频</value></key><key name="flags"><value>视频</value></key><key name="mark_featured"><value>设为推荐</value></key><key name="menu_featured"><value>推荐</value></key><key name="menu_latest"><value>最新</value></key><key name="menu_tagged"><value>通过标签浏览</value></key><key name="menu_toprated"><value>排行</value></key><key name="meta_description_user_video"><value>Videos submitted by user {$displayName}</value></key><key name="meta_description_video_add"><value>添加新视频到 {$site_name}.</value></key><key name="meta_description_video_featured"><value>Best videos at {$site_name}! Staff picks!</value></key><key name="meta_description_video_latest"><value>{$site_name} 上最近上传的视频.</value></key><key name="meta_description_video_tagged"><value>视频标签: {$topTags}, 和其他。</value></key><key name="meta_description_video_tagged_as"><value>Browse videos tagged as '{$tag}'.</value></key><key name="meta_description_video_toprated"><value>Top rated videos submitted by users at {$site_name}.</value></key><key name="meta_description_video_view"><value>视频名称 '{$title}', 标签：{$tags}.</value></key><key name="meta_title_user_video"><value>{$displayName}'s videos - {$site_name}</value></key><key name="meta_title_video_add"><value>添加新的视频</value></key><key name="meta_title_video_featured"><value>推荐视频 - {$site_name}</value></key><key name="meta_title_video_latest"><value>Recent videos - {$site_name}</value></key><key name="meta_title_video_tagged"><value>通过标签浏览视频 - {$site_name}</value></key><key name="meta_title_video_tagged_as"><value>'{$tag}' videos - {$site_name}</value></key><key name="meta_title_video_toprated"><value>Top rated videos - {$site_name}</value></key><key name="meta_title_video_view"><value>{$title} - Video at {$site_name}</value></key><key name="my_video"><value>My Video</value></key><key name="no_video"><value>没有视频</value></key><key name="no_video_found"><value>没找到视频</value></key><key name="other_video"><value>Other user videos</value></key><key name="page_title_add_video"><value>添加视频</value></key><key name="page_title_browse_video"><value>浏览视频</value></key><key name="page_title_video_by"><value>Video by {$user}</value></key><key name="per_page"><value>Videos per page</value></key><key name="per_page_desc"><value>Browsing lists of videos</value></key><key name="player_size"><value>Main video player size</value></key><key name="privacy_action_view_video"><value>View my video</value></key><key name="quota"><value>Maximum number of videos per user</value></key><key name="quotas"><value>Quotas</value></key><key name="quota_desc"><value>Keep this number reasonably big</value></key><key name="quota_exceeded"><value>你已经超出视频上传限制: {$limit}</value></key><key name="remove_from_featured"><value>取消推荐</value></key><key name="resource_not_allowed"><value>Video resource is not allowed</value></key><key name="settings_updated"><value>Video settings updated</value></key><key name="size_desc"><value>This is the size for player displayed on video page</value></key><key name="status_changed"><value>Video status changed</value></key><key name="status_not_changed"><value>Video status NOT changed</value></key><key name="tags"><value>标签</value></key><key name="tags_desc"><value>Comma-separated</value></key><key name="tag_search"><value>标签搜索</value></key><key name="tag_search_result"><value>Tag search result for:</value></key><key name="tb_edit_clip"><value>Edit Video</value></key><key name="title"><value>标题</value></key><key name="total_video"><value>{$total} videos total</value></key><key name="usercredits_action_add_comment"><value>Comment video</value></key><key name="usercredits_action_add_video"><value>添加视频</value></key><key name="video"><value>视频</value></key><key name="video_add_tip"><value>We allow to &lt;b&gt;embed existing videos&lt;/b&gt; from other video sharing sites only.</value></key><key name="video_by"><value>Video by</value></key><key name="video_info"><value>视频</value></key><key name="video_list_widget"><value>视频</value></key><key name="view_settings"><value>View Settings</value></key></prefix>
