<?xml version="1.0" encoding="utf-8"?>
<prefix name="gheader" label="Group Cover" language_tag="en" language_label="English"><key name="activity_string_cover_comment"><value>commented the cover image</value></key><key name="activity_string_cover_comment_self"><value>commented the cover image</value></key><key name="activity_string_cover_like"><value>likes the cover image</value></key><key name="activity_string_cover_like_self"><value>likes the cover image</value></key><key name="admin_help_brief"><value>Since the plugin is extension for the Oxwall Groups plugin, all of the settings is available on &lt;a href="{$groupsSettings}"&gt;the settings page of the Groups plugin&lt;/a&gt;.</value></key><key name="admin_plugin_required_notification"><value>&lt;a href="{$coverUrl}"&gt;Group Cover&lt;/a&gt; requires for &lt;a href="{$groupsUrl}" target="_blank"&gt;Groups&lt;/a&gt; plugin</value></key><key name="auth_action_add_cover"><value>Add group cover image</value></key><key name="auth_action_label_add_comment"><value>Comment group cover images</value></key><key name="auth_action_label_delete_comment_by_content_owner"><value>The group owner can delete comments of the cover image</value></key><key name="auth_action_view_cover"><value>View group cover images</value></key><key name="auth_group_label"><value>Group Cover</value></key><key name="cancel_changes_label"><value>Cancel</value></key><key name="change_covet_label"><value>Change Cover</value></key><key name="choose_from_photos_label"><value>Choose from Photos</value></key><key name="config_cover_height"><value>Cover height</value></key><key name="config_cover_height_desc"><value>Height of the cover in pixels. &lt;br /&gt;&#13;
&lt;i&gt;For the better usability it should not be less than &lt;b&gt;{$minHeight}&lt;/b&gt; and more than &lt;b&gt;{$maxHeight}&lt;/b&gt; pixels&lt;/i&gt;</value></key><key name="config_photo_album_name"><value>Album title</value></key><key name="config_photo_album_name_desc"><value>Choose a name for the album where cover images will be added.&#13;
Don't forget to translate the album title to other languages on your site.</value></key><key name="config_photo_share"><value>Photo</value></key><key name="config_photo_share_desc"><value>Cover images will be automatically added to user's photo album</value></key><key name="config_save_label"><value>Save</value></key><key name="config_step1"><value>Follow to &lt;a href="{$groupsSettings}" target="_blank"&gt;Groups plugin settings&lt;/a&gt;</value></key><key name="config_step2"><value>Click the "Edit" button on  the "Cover" widget</value></key><key name="config_step3"><value>You will see the widget settings popup.</value></key><key name="config_steps_end"><value>That is all! You can change default settings of the widget in this popup.&lt;br /&gt;
    But do not forget that admins of groups are able to overwrite this settings. To disallow them doing it you can check the "Freeze" option of the settings.</value></key><key name="config_steps_label"><value>Follow next simple instructions to find these settings:</value></key><key name="content_main_section"><value>Cover Settings</value></key><key name="content_share_section"><value>Auto-upload settings</value></key><key name="cover_not_found"><value>The cover image was not found</value></key><key name="cover_remove_success"><value>The cover image was  removed</value></key><key name="cover_reposition_tip"><value>Drag to Reposition Cover</value></key><key name="cover_save_success"><value>The cover was saved</value></key><key name="default_photo_album_name"><value>Group Cover Images</value></key><key name="delete_cover_confirmation"><value>Are you sure you want to remove the Cover image?</value></key><key name="feed_content_label"><value>Cover Images</value></key><key name="heading_configuration"><value>Group Cover</value></key><key name="info_admin_label"><value>Admin:</value></key><key name="info_created_label"><value>Created:</value></key><key name="my_photos_title"><value>Recently uploaded photos</value></key><key name="newsfeed_add_cover"><value>added a cover image</value></key><key name="newsfeed_change_cover"><value>changed the cover image</value></key><key name="notifications_comment_1"><value>{$user} commented on the cover image of {$group} group</value></key><key name="notifications_comment_2"><value>{$user1} and {$user2} commented on the cover image of {$group} group</value></key><key name="notifications_comment_many"><value>{$user1} and other {$otherCount} users commented on the cover image of {$group} group</value></key><key name="notifications_cover_add"><value>{$user} added a cover image for {$group} group</value></key><key name="notifications_cover_change"><value>{$user} changed the cover image of {$group} group</value></key><key name="notifications_like_1"><value>{$user} likes the cover image of {$group} group</value></key><key name="notifications_like_2"><value>{$user1} and {$user2} like the cover image of {$group} group</value></key><key name="notifications_like_many"><value>{$user1} and other {$otherCount} users like the cover image of {$group} group</value></key><key name="notifications_section_label"><value>Cover Image</value></key><key name="notifications_setting_add"><value>The cover image of a group I participate in was changed</value></key><key name="notifications_setting_comment"><value>Someone comments on the cover image of a group I participate in</value></key><key name="notifications_setting_like"><value>Someone likes the cover image of a group I participate in</value></key><key name="no_photos_label"><value>You don't have uploaded photos</value></key><key name="photo_select_cancel_label"><value>Cancel</value></key><key name="plugin_required_tip"><value>Since the plugin is extension for the Oxwall Groups plugin you can not use it separately.</value></key><key name="remove_label"><value>Remove</value></key><key name="reposition_label"><value>Reposition</value></key><key name="save_changes_label"><value>Save Changes</value></key><key name="settings_saved_message"><value>Settings were saved</value></key><key name="set_covet_label"><value>Add a Cover</value></key><key name="tab_forum"><value>Forum</value></key><key name="tab_index"><value>About</value></key><key name="tab_users"><value>Users</value></key><key name="upload_file_extension_is_not_allowed"><value>Only jpg, jpeg, png, gif files are allowed</value></key><key name="upload_label"><value>Upload Image</value></key><key name="usercredits_action_add_cover"><value>Add group cover</value></key><key name="validation_error_image_size"><value>Please choose an image that's at least &lt;b&gt;{$minWidth} pixels wide and {$minHeight} pixels height&lt;/b&gt;.</value></key><key name="widget_album_name_validation_error"><value>The album name should not be empty</value></key><key name="widget_height_validation_error"><value>For the better usability it should not be less than {$max} and more than {$min} pixels</value></key><key name="widget_info_title"><value>Description</value></key><key name="widget_setting_cover_height"><value>Cover height</value></key><key name="widget_setting_photo_album"><value>Photo album title</value></key><key name="widget_setting_save_to_photo"><value>Save the new uploaded covers to my photo</value></key><key name="widget_title"><value>Cover</value></key></prefix>
