<?xml version="1.0" encoding="utf-8"?>
<prefix name="zlareas" label="找乐地盘" language_tag="en" language_label="English"><key name="admin_area_heading"><value>找乐地盘管理</value></key><key name="admin_area_title"><value>找乐地盘管理</value></key><key name="after_install_notification"><value>请补充找乐地盘</value></key><key name="form_add_area_submit"><value>添加地盘</value></key><key name="index_page_heading"><value>找乐365当前提供的找乐地盘，我们正在扩大地盘呦 :-)</value></key><key name="index_page_title"><value>找乐地盘</value></key><key name="label_invitation_area"><value>区域</value></key><key name="label_invitation_areacode"><value>区域编码</value></key><key name="label_invitation_city"><value>城市</value></key><key name="label_invitation_province"><value>省份或直辖市</value></key><key name="main_menu_list"><value>找乐地盘</value></key></prefix>
