<?xml version="1.0" encoding="utf-8"?>
<prefix name="forum" label="Forum" language_tag="zh-cn" language_label="chinese"><key name="activity_string"><value>&lt;a href="{$userUrl}"&gt;{$user}&lt;/a&gt; &lt;a href="{$url}"&gt;回复了&lt;/a&gt; &lt;a href="{$topicUrl}"&gt;{$topicTitle}&lt;/a&gt; 论坛话题。</value></key><key name="activity_string_topic"><value>&lt;a href="{$userUrl}"&gt;{$user}&lt;/a&gt; 发起了一场新的讨论: &lt;a href="{$topicUrl}"&gt;{$topicTitle}&lt;/a&gt;</value></key><key name="add_new"><value>发新帖</value></key><key name="add_new_comment"><value>添加新的帖子</value></key><key name="add_new_forum_btn"><value>添加新的论坛</value></key><key name="add_new_forum_description"><value>描述</value></key><key name="add_new_forum_name"><value>论坛名称</value></key><key name="add_new_forum_section"><value>区域</value></key><key name="add_new_forum_submit"><value>添加</value></key><key name="add_new_forum_title"><value>添加论坛</value></key><key name="add_post_btn"><value>发布</value></key><key name="add_post_title"><value>主题回复</value></key><key name="admin_config"><value>论坛 - 插件设置</value></key><key name="approve_topic"><value>批准</value></key><key name="attachments"><value>附件</value></key><key name="attachment_deleted"><value>文件已经被删除</value></key><key name="attachment_filesize"><value>附件最大文件大小</value></key><key name="attach_files"><value>附上文件</value></key><key name="author"><value>作者</value></key><key name="auth_action_label_edit"><value>创建/编辑 主题</value></key><key name="auth_action_label_move_topic_to_hidden"><value>移走主题</value></key><key name="auth_action_label_subscribe"><value>订阅论坛主题</value></key><key name="auth_action_label_view"><value>查看主题</value></key><key name="auth_group_label"><value>论坛</value></key><key name="back_to_topic"><value>« 返回主题</value></key><key name="by"><value>由</value></key><key name="chars_limit_exceeded"><value>字数太多，不得多于{$limit}个字符</value></key><key name="cmp_widget_forum_topics_count"><value>Number of topics to show</value></key><key name="cmp_widget_forum_topics_post_lenght"><value>论坛主题预览长度</value></key><key name="confirm_delete_attachment"><value>你是否确认要删除该文件?</value></key><key name="confirm_delete_forum"><value>你是否确认要删除论坛所有内容?</value></key><key name="connect_forum_button"><value>关联论坛</value></key><key name="connect_forum_to_entity"><value>添加论坛</value></key><key name="content_add_string"><value>已创建的新主题</value></key><key name="content_edited_string"><value>已编辑的论坛主题</value></key><key name="content_forums_label"><value>论坛</value></key><key name="content_forum_label"><value>论坛文章</value></key><key name="content_forum_post_in_topic"><value>&lt;a href="{$topicUrl}"&gt;{$title}&lt;/a&gt;中的文章</value></key><key name="content_forum_topic"><value>论坛主题</value></key><key name="create_new_topic"><value>发布论坛新主题</value></key><key name="delete"><value>删除</value></key><key name="delete_content"><value>删除内容并卸载插件</value></key><key name="delete_content_desc"><value>在卸载时需要删除所有内容，这将花费一些时间. 我们将会将网站置为“维护模式”，并在完成卸载后恢复服务.</value></key><key name="delete_content_warning"><value>警告</value></key><key name="delete_group"><value>删除</value></key><key name="delete_group_confirm"><value>你是否确认要删除论坛讨论组?</value></key><key name="delete_post_confirm"><value>你是否确认要删除这个发布?</value></key><key name="delete_section"><value>删除</value></key><key name="delete_section_confirm"><value>你确定要删除这个论坛分区？</value></key><key name="delete_topic"><value>删除</value></key><key name="delete_topic_confirm"><value>你是否确认要删除这个主题?</value></key><key name="discussion"><value>讨论</value></key><key name="edit"><value>编辑</value></key><key name="edit_group"><value>编辑</value></key><key name="edit_group_btn"><value>保存</value></key><key name="edit_group_description"><value>描述</value></key><key name="edit_group_name"><value>论坛名称</value></key><key name="edit_group_title"><value>编辑群组讨论区</value></key><key name="edit_post_title"><value>编辑主题</value></key><key name="edit_section"><value>编辑</value></key><key name="edit_section_btn"><value>保存</value></key><key name="edit_section_name"><value>区域名称</value></key><key name="edit_section_title"><value>编辑论坛分区</value></key><key name="edit_topic"><value>编辑</value></key><key name="edit_topic_title"><value>编辑主题</value></key><key name="email_notifications_section_label"><value>论坛</value></key><key name="email_notifications_setting_post"><value>有人回复了一个论坛主题</value></key><key name="email_notification_post"><value>&lt;a href="{$userUrl}"&gt;{$userName}&lt;/a&gt; 回复了&lt;a href="{$postUrl}"&gt;{$title}&lt;/a&gt; 论坛话题。</value></key><key name="enable_attachments"><value>允许附件</value></key><key name="enter_username"><value>输入乐友名</value></key><key name="feed_activity_last_reply"><value>&lt;a href="{$postUrl}"&gt;最近回复&lt;/a&gt;:</value></key><key name="feed_activity_owner_topic_like"><value>赞了这个论坛帖子</value></key><key name="feed_activity_topic_reply_string"><value>回复了论坛主题</value></key><key name="feed_activity_topic_string"><value>发起了一个话题~</value></key><key name="feed_activity_topic_string_like"><value>赞了{$user}的论坛帖子</value></key><key name="feed_content_label"><value>论坛主题</value></key><key name="feed_content_replies_label"><value>论坛主题回复</value></key><key name="feed_toolbar_discuss"><value>参与讨论</value></key><key name="feed_toolbar_replies"><value>回复: &lt;span class="ow_txt_value"&gt;{$postCount}&lt;/span&gt;</value></key><key name="file_size_validation_error"><value>数值不正确或超出服务器限制</value></key><key name="flag"><value>举报</value></key><key name="flags"><value>论坛文章</value></key><key name="forum"><value>论坛</value></key><key name="forum_already_connected"><value>论坛已关联</value></key><key name="forum_index"><value>论坛首页</value></key><key name="forum_page_heading"><value>{$forum} | 论坛</value></key><key name="forum_quote"><value>引用</value></key><key name="forum_quote_from"><value>来自</value></key><key name="forum_settings"><value>论坛设置</value></key><key name="forum_topics_widget"><value>论坛主题</value></key><key name="general_settings"><value>常规设置</value></key><key name="goto_forum"><value>去论坛</value></key><key name="group_meta_description"><value>在 {$site_name} {$group} 上的论坛</value></key><key name="in"><value>在</value></key><key name="is_private"><value>私有</value></key><key name="last_reply"><value>最后回复</value></key><key name="latest_reply_from"><value>最近来自 &lt;a href="{$url}"&gt;{$user}&lt;/a&gt; 的回复</value></key><key name="locked"><value>已锁定</value></key><key name="lock_topic"><value>锁定</value></key><key name="lock_topic_confirm"><value>你是否确定要锁定主题?</value></key><key name="meta_description_add_topic"><value>在论坛中发表新帖</value></key><key name="meta_description_forums"><value>论坛版块 - {$site_name}</value></key><key name="meta_title_add_topic"><value>论坛新帖 - {$site_name}</value></key><key name="moved_from"><value>主题已从 &lt;a href="{$groupUrl}"&gt;{$groupName}&lt;/a&gt;中移走.</value></key><key name="moved_to"><value>&lt;a href="{$topicUrl}"&gt;主题 &lt;/a&gt;已被移走.</value></key><key name="move_topic"><value>移走</value></key><key name="move_topic_btn"><value>移走</value></key><key name="move_topic_title"><value>移动主题</value></key><key name="new"><value>创建</value></key><key name="new_topic_body"><value>主题正文</value></key><key name="new_topic_btn"><value>新主题</value></key><key name="new_topic_group"><value>论坛</value></key><key name="new_topic_subject"><value>主题标题</value></key><key name="not_all_attachments_added"><value>有些附件过大或格式不被支持</value></key><key name="no_group"><value>没有群组</value></key><key name="no_posts_found"><value>没有找到文章</value></key><key name="no_topic"><value>这里没有主题，你是第一个！</value></key><key name="no_topics"><value>没有主题</value></key><key name="page_title_uninstall"><value>卸载论坛插件</value></key><key name="pending_approval"><value>&lt;span class="ow_remark ow_small" style="text-transform: none"&gt;(等待审批)&lt;/span&gt;</value></key><key name="permalink_label"><value>消息 &lt;a href="{$permalink}"&gt;#{$number}&lt;/a&gt;</value></key><key name="plugin_set_for_uninstall"><value>论坛插件卸载已开始.</value></key><key name="post_edited"><value>本帖编辑者为</value></key><key name="post_location"><value>文章位置：</value></key><key name="quote"><value>引用</value></key><key name="replies"><value>回复</value></key><key name="search_invitation_all_forum"><value>搜索所有论坛</value></key><key name="search_invitation_group"><value>搜索这个论坛</value></key><key name="search_invitation_section"><value>检索本区</value></key><key name="search_invitation_topic"><value>搜索主题</value></key><key name="search_page_heading"><value>论坛搜索</value></key><key name="select_group_error"><value>请选择论坛版块</value></key><key name="settings_updated"><value>设置已更新</value></key><key name="sort_by_date"><value>最近文章发布日期</value></key><key name="sort_by_relevance"><value>相关</value></key><key name="sticky"><value>固定</value></key><key name="sticky_topic"><value>固定主题</value></key><key name="sticky_topic_confirm"><value>你是否确定要将此主题固定?</value></key><key name="subscribe"><value>有新回复通知我</value></key><key name="subscription-added"><value>主题订阅已添加</value></key><key name="subscription-canceled"><value>主题订阅已取消</value></key><key name="this_topic"><value>这篇主题</value></key><key name="topic"><value>主题</value></key><key name="topics"><value>主题</value></key><key name="topic_attachments"><value>随附{$count}个文件</value></key><key name="topic_is_locked"><value>主题被锁定</value></key><key name="topic_is_sticky"><value>此主题已固定</value></key><key name="topic_location"><value>主题位置:</value></key><key name="topic_page_heading"><value>{$topic} |论坛</value></key><key name="uninstall_inprogress"><value>进展中</value></key><key name="uninstall_inprogress_desc"><value>请稍等，所有论坛内容正在被删除。等待时间由论坛帖子的数量决定。</value></key><key name="unlock_topic"><value>解锁</value></key><key name="unlock_topic_confirm"><value>解锁这篇主题?</value></key><key name="unsticky_topic"><value>从固定列表中删除</value></key><key name="unsticky_topic_confirm"><value>此主题将不固定. 你是否确定要将其从固定列表中删除?</value></key><key name="upload_ini_value"><value>(服务器限制: {$value})</value></key><key name="usercredits_action_add_post"><value>论坛发帖</value></key><key name="views"><value>浏览</value></key><key name="visible_to"><value>对乐友角色可见</value></key><key name="widget_latest_topics_label"><value>论坛</value></key></prefix>
