<?xml version="1.0" encoding="utf-8"?>
<prefix name="virtualgifts" label="Virtual Gifts" language_tag="zh-cn" language_label="chinese"><key name="add_category"><value>添加类别</value></key><key name="add_template"><value>添加新模板</value></key><key name="admin_page_heading"><value>虚拟礼物插件配置</value></key><key name="auth_action_label_send_gift"><value>发送礼物</value></key><key name="auth_group_label"><value>虚拟礼物</value></key><key name="btn_add"><value>添加</value></key><key name="btn_save"><value>保存</value></key><key name="btn_send"><value>发送</value></key><key name="by"><value>通过 &lt;a href="{$senderUrl}"&gt;{$sender}&lt;/a&gt;</value></key><key name="categories"><value>虚拟类别</value></key><key name="category"><value>类别</value></key><key name="category_added"><value>礼物类别已添加</value></key><key name="category_deleted"><value>类别已删除</value></key><key name="category_list"><value>类别列表</value></key><key name="category_not_deleted"><value>请先删除这个类别礼物</value></key><key name="category_title"><value>类别名称</value></key><key name="choose_friends"><value>选择好友</value></key><key name="cmp_widget_gifts_count"><value>礼物个数</value></key><key name="confirm_delete_gifts"><value>你是否确定要删除所有用户礼物？</value></key><key name="confirm_template_delete"><value>您是否确定要删除礼物模板？</value></key><key name="delete_content"><value>删除内容和卸载插件</value></key><key name="delete_content_desc"><value>在卸载礼物插件前我们需要删除所有用户的礼物，这可能要花费一些时间。</value></key><key name="delete_content_warning"><value>警告</value></key><key name="email_notifications_section_label"><value>礼物</value></key><key name="email_notifications_send_gift"><value>&lt;a href="{$senderUrl}"&gt;{$senderName}&lt;/a&gt; 给你发了个 &lt;a href="{$giftUrl}"&gt;礼物&lt;/a&gt;.</value></key><key name="email_notifications_setting_send_gift"><value>有人给我发了个礼物</value></key><key name="existing_gifts"><value>存在的礼物</value></key><key name="feed_activity_gift_string_comment"><value>已评价 {$sender} 给 {$recipient} 的礼物</value></key><key name="feed_activity_gift_string_like"><value>已赞 {$sender} 给 {$recipient} 的礼物</value></key><key name="feed_activity_owner_gift_string_comment"><value>已评价这些给{$recipient} 的礼物</value></key><key name="feed_activity_sender_gift_like"><value>已赞这些给{$recipient} 的礼物</value></key><key name="feed_content_gift"><value>虚拟礼物</value></key><key name="feed_string"><value>给 &lt;a href="{$recipientUrl}"&gt;{$recipientName}&lt;/a&gt; 一个礼物 !</value></key><key name="file_type_not_allowed"><value>所选图片类型是不允许的</value></key><key name="gifts"><value>礼物</value></key><key name="gift_by"><value>来自 {$userName} 的礼物</value></key><key name="gift_deleted"><value>礼物已删除</value></key><key name="gift_image"><value>礼物图片</value></key><key name="gift_not_selected"><value>请选择一个礼物</value></key><key name="gift_not_sent"><value>礼物已经被发送</value></key><key name="gift_price"><value>礼物价格</value></key><key name="gift_sent"><value>礼物已发送</value></key><key name="gift_sent_to"><value>礼物发给了 {$count} 乐友</value></key><key name="message"><value>消息</value></key><key name="meta_description_user_gifts"><value>这些虚拟礼物在 {$site_name} 上被 {$recipient} 接收.</value></key><key name="meta_description_view_gift"><value>这是一个给 {$recipient} 的虚拟礼物，来自 {$sender}.</value></key><key name="meta_description_view_gift_msg"><value>{$message} - 这是一个给 {$recipient} 的虚拟礼物，来自 {$sender}.</value></key><key name="meta_title_my_gifts"><value>我的礼物 - {$site_name}</value></key><key name="meta_title_user_gifts"><value>{$recipient} 的虚拟礼物 - {$site_name}</value></key><key name="meta_title_view_gift"><value>给 {$recipient} 的虚拟礼物 - {$site_name}</value></key><key name="meta_title_view_gift_msg"><value>{$message} - 给 {$recipient} 的虚拟礼物 - {$site_name}</value></key><key name="my_gifts"><value>我的礼物</value></key><key name="my_gifts_quick_link"><value>我的礼物</value></key><key name="not_authenticated"><value>您需要登陆以发送礼物</value></key><key name="not_authorized"><value>您还没有足够的权限以发送礼物</value></key><key name="no_gifts"><value>您目前还没有接收到任何礼物</value></key><key name="no_image_selected"><value>没有选择图片文件</value></key><key name="no_users_selected"><value>没有选定乐友</value></key><key name="page_title_uninstall"><value>卸载虚拟礼物插件</value></key><key name="plugin_set_for_uninstall"><value>虚拟礼物插件卸载已开始</value></key><key name="private_gift"><value>私有礼物</value></key><key name="private_gift_note"><value>这个礼物只有你和 {$username} 可见</value></key><key name="profile_toolbar_item_send_gift"><value>发送礼物</value></key><key name="send_gift"><value>发送礼物</value></key><key name="send_gift_to"><value>发送礼物给 {$user}</value></key><key name="send_multiple_gifts_error"><value>礼物价格使 {$price} 乐乐. 你当前有 {$balance} 乐乐. 你没有足够的乐乐发送礼物给你选定的好友</value></key><key name="send_private"><value>发送私有礼物</value></key><key name="send_private_gift"><value>发送私有礼物&lt;span class="ow_small"&gt;(只有 &lt;b&gt;{$user}&lt;/b&gt; 可见)&lt;/span&gt;</value></key><key name="send_return_gift"><value>回赠一个礼物</value></key><key name="send_this_gift"><value>给好友发送这个礼物</value></key><key name="template_added"><value>模板已经添加</value></key><key name="template_list"><value>礼物列表</value></key><key name="template_not_added"><value>模板还没有添加</value></key><key name="template_updated"><value>模板已经得到更新</value></key><key name="uncategorized"><value>不在类别中</value></key><key name="uninstall_inprogress"><value>进行中</value></key><key name="uninstall_inprogress_desc"><value>删除所有的礼物需要花费一些时间，请耐心等待...</value></key><key name="usercredits_action_send_virtual_gift"><value>发送虚拟礼物</value></key><key name="user_gifts"><value>{$user} 接收到的礼物</value></key></prefix>
