<?xml version="1.0" encoding="utf-8"?>
<prefix name="zlareas" label="找乐地盘" language_tag="zh-cn" language_label="chinese"><key name="admin_area_heading"><value>找乐地盘</value></key><key name="admin_area_title"><value>找乐地盘</value></key><key name="label_invitation_area"><value>区域</value></key><key name="label_invitation_areacode"><value>区域</value></key><key name="label_invitation_city"><value>城市</value></key><key name="label_invitation_province"><value>省份或直辖市</value></key><key name="main_menu_list"><value>乐地</value></key></prefix>
