<?xml version="1.0" encoding="utf-8"?>
<prefix name="ocstopusers" label="Top Users by Oxwall CandyStore" language_tag="en" language_label="English"><key name="cmp_widget_user_count"><value>Users count</value></key><key name="cmp_widget_user_count_msg"><value>Please use a number not greater than 100</value></key><key name="email_notifications_rate_user"><value>&lt;a href="{$userUrl}"&gt;{$userName}&lt;/a&gt; rated your profile with &lt;b&gt;{$rate}&lt;/b&gt; stars</value></key><key name="email_notifications_section_label"><value>Top Users</value></key><key name="email_notifications_setting_rate"><value>Someone rates my profile</value></key><key name="index_widget_title"><value>Top users</value></key><key name="rated_me"><value>Who rated me</value></key><key name="rate_info"><value>rate: {$score} ({$rates} rates)</value></key><key name="total_score_label"><value>Total: &lt;span class="ow_outline"&gt;{$avgScore}&lt;/span&gt; (&lt;span class="ow_outline"&gt;{$ratesCount}&lt;/span&gt; rates)</value></key></prefix>
