<?xml version="1.0" encoding="utf-8"?>
<prefix name="zlareas" label="找乐地盘" language_tag="en" language_label="English"><key name="admin_area_heading"><value></value></key><key name="admin_area_title"><value></value></key><key name="label_invitation_area"><value></value></key><key name="label_invitation_areacode"><value></value></key><key name="label_invitation_city"><value></value></key><key name="label_invitation_province"><value></value></key><key name="main_menu_list"><value></value></key></prefix>
