<?xml version="1.0" encoding="utf-8"?>
<prefix name="links" label="Links" language_tag="zh-cn" language_label="chinese"><key name="activity_string"><value>&lt;a href="{$userUrl}"&gt;{$user}&lt;/a&gt; 已发布新链接: &lt;a href="{$url}"&gt;{$title}&lt;/a&gt; &lt;a class="ow_small" href="{$permalink}"&gt;#&lt;/a&gt;</value></key><key name="added"><value>已添加</value></key><key name="add_new"><value>添加新的</value></key><key name="add_new_link"><value>链接</value></key><key name="admin_links_settings_heading"><value>链接插件设置</value></key><key name="admin_settings_results_per_page"><value>页面上文章个数</value></key><key name="auth_action_label_add"><value>添加链接</value></key><key name="auth_action_label_add_comment"><value>评论链接</value></key><key name="auth_action_label_delete_comment_by_content_owner"><value>内容所有者可以删除评论</value></key><key name="auth_action_label_view"><value>查看链接</value></key><key name="auth_group_label"><value>链接</value></key><key name="browse_by_tag_description"><value>按标签浏览链接：{$tags} 和其他</value></key><key name="browse_by_tag_item_description"><value>浏览标签为`{$tag}`的链接.</value></key><key name="browse_by_tag_item_title"><value>`{$tag}` 链接 - {$site_name}</value></key><key name="browse_by_tag_title"><value>按标签浏览链接 - {$site_name}</value></key><key name="by"><value>来自</value></key><key name="by_lower"><value>来自</value></key><key name="cancel_vote"><value>Cancel</value></key><key name="cmp_widget_post_count"><value>链接数</value></key><key name="comments"><value>评论</value></key><key name="comment_activity_string"><value>&lt;a href="{$actorUrl}"&gt;{$actor}&lt;/a&gt; 对 &lt;a href="{$ownerUrl}"&gt;{$owner}&lt;/a&gt;的链接&lt;a href="{$url}"&gt;{$title}&lt;/a&gt;进行了评论</value></key><key name="comment_notification_string"><value>&lt;a href="{$actorUrl}"&gt;{$actor}&lt;/a&gt; 对链接 &lt;a href="{$url}"&gt;"{$title}"&lt;/a&gt;进行了评论</value></key><key name="edit_page_heading"><value>编辑链接</value></key><key name="email_notifications_setting_comment"><value>有人对我的链接进行了评论</value></key><key name="feed_activity_link_string"><value>已对 {$user}的链接进行了评论</value></key><key name="feed_activity_link_string_like"><value>赞了{$user}的链接</value></key><key name="feed_activity_owner_link_string_like"><value>赞了这个链接</value></key><key name="feed_activity_owner_post_string"><value>已对他们链接进行了评论</value></key><key name="feed_content_label"><value>链接</value></key><key name="feed_toolbar_permalink"><value>永久链接</value></key><key name="flags"><value>链接</value></key><key name="go_to_links"><value>访问链接</value></key><key name="index_widget_empty"><value>没有链接.</value></key><key name="latest_description"><value>{$site_name}上最近提交的网页地址.</value></key><key name="latest_title"><value>最近链接 - {$site_name}</value></key><key name="link"><value>链接</value></key><key name="links"><value>链接</value></key><key name="links_on_notify_actions"><value>有人对我的链接进行了评论</value></key><key name="link_cap"><value>链接</value></key><key name="link_description"><value>{$link_title}: {$link_description}.</value></key><key name="link_title"><value>{$link_title}: {$link_url} - {$site_name}上的链接</value></key><key name="list_page_heading"><value>分享链接</value></key><key name="main_menu_item"><value>链接分享</value></key><key name="menuItemBrowseByTag"><value>通过标签浏览</value></key><key name="menuItemLatest"><value>最新</value></key><key name="menuItemMostDiscussed"><value>最热</value></key><key name="menuItemTopRated"><value>排行</value></key><key name="meta_description_new_link"><value>添加新的链接分享 {$site_name}</value></key><key name="more"><value>更多</value></key><key name="most_discussed_description"><value>{$site_name}上最多讨论的链接.</value></key><key name="most_discussed_title"><value>最热链接 - {$site_name}</value></key><key name="my_links"><value>我的分享</value></key><key name="notification_section_label"><value>链接分享</value></key><key name="privacy_action_comment_links"><value>评论我的链接</value></key><key name="privacy_action_view_links"><value>浏览我的链接</value></key><key name="results_by_tag"><value>关键词 "&lt;b&gt;{$tag}&lt;/b&gt;"的搜索结果</value></key><key name="result_as"><value>结果为</value></key><key name="result_mode_detailed"><value>正面和负面均有</value></key><key name="result_mode_sum"><value>摘要</value></key><key name="save_btn_label"><value>保存</value></key><key name="save_form_desc_field_label"><value>描述:</value></key><key name="save_form_publish_field_label"><value>发布</value></key><key name="save_form_tags_field_label"><value>标签:</value></key><key name="save_form_title_field_label"><value>标题:</value></key><key name="save_form_url_field_label"><value>链接 URL:</value></key><key name="save_page_heading"><value>添加新的链接</value></key><key name="settings"><value>设置</value></key><key name="sign_in_request"><value>登录后才能投票</value></key><key name="tags"><value>标签:</value></key><key name="toolbar_comments"><value>评论</value></key><key name="toolbar_delete"><value>删除</value></key><key name="toolbar_edit"><value>编辑</value></key><key name="top_rated_description"><value>{$site_name}乐友评分较高的链接.</value></key><key name="top_rated_title"><value>高分链接 - {$site_name}</value></key><key name="updated"><value>升级</value></key><key name="usercredits_action_add_comment"><value>评论</value></key><key name="usercredits_action_add_link"><value>分享链接</value></key><key name="user_links_description"><value>{$display_name}分享的链接</value></key><key name="user_links_title"><value>{$display_name}分享的链接</value></key><key name="user_link_page_heading"><value>{$display_name}分享的链接</value></key><key name="view_all"><value>浏览全部</value></key><key name="vote"><value>投票</value></key></prefix>
