<?xml version="1.0" encoding="utf-8"?>
<prefix name="ocstopusers" label="Top Users by Oxwall CandyStore" language_tag="zh-cn" language_label="chinese"><key name="cmp_widget_user_count"><value>乐友数</value></key><key name="cmp_widget_user_count_msg"><value>请使用不超过100的数值</value></key><key name="email_notifications_rate_user"><value>&lt;a href="{$userUrl}"&gt;{$userName}&lt;/a&gt; 给你的信息项 &lt;b&gt;{$rate}&lt;/b&gt; 颗星</value></key><key name="email_notifications_section_label"><value>活跃乐友</value></key><key name="email_notifications_setting_rate"><value>有人对我进行了打分评价</value></key><key name="index_widget_title"><value>最棒乐友</value></key><key name="rated_me"><value>谁给我打了分</value></key><key name="rate_info"><value>打分: {$score} ({$rates} 分)</value></key><key name="total_score_label"><value>总评</value></key></prefix>
