<?xml version="1.0" encoding="utf-8"?>
<prefix name="uheader" label="Profile Cover" language_tag="zh-cn" language_label="chinese"><key name="activity_string_cover_comment"><value>已对 {$user} 的封面图片进行了评论</value></key><key name="activity_string_cover_comment_self"><value>已对他们封面图片进行了评论</value></key><key name="activity_string_cover_like"><value>赞 {$user} 的封面图片</value></key><key name="activity_string_cover_like_self"><value>赞他们封面图片</value></key><key name="add_covers_btn_label"><value>添加封面</value></key><key name="admin_delete_cover_confirmation"><value>你是否真要删除这个封面?</value></key><key name="admin_edit_cover_label"><value>编辑</value></key><key name="admin_gallery_no_covers_long"><value>请添加至少一个封面图片</value></key><key name="admin_gallery_no_covers_short"><value>没有封面</value></key><key name="auth_action_add_cover"><value>添加封面图片</value></key><key name="auth_action_label_add_comment"><value>评论封面图片</value></key><key name="auth_action_label_delete_comment_by_content_owner"><value>封面图片所有者可以删除评论</value></key><key name="auth_action_view_cover"><value>查看封面图片</value></key><key name="auth_group_label"><value>个人主页封面</value></key><key name="cancel_changes_label"><value>取消</value></key><key name="change_covet_label"><value>更新封面</value></key><key name="choose_from_gallery_label"><value>从封面库中选择</value></key><key name="choose_from_photos_label"><value>从照片中选择</value></key><key name="config_cover_height"><value>封面高度</value></key><key name="config_cover_height_desc"><value>封面高度像素. &lt;br /&gt;&#13;
&lt;i&gt;为较好显示，最好在 &lt;b&gt;{$minHeight}&lt;/b&gt; 和 &lt;b&gt;{$maxHeight}&lt;/b&gt; 像素之间&lt;/i&gt;</value></key><key name="config_photo_album_name"><value>相册名称</value></key><key name="config_photo_album_name_desc"><value>选择封面图片添加的相册.</value></key><key name="config_photo_share"><value>照片</value></key><key name="config_photo_share_desc"><value>封面图片将自动添加到乐友的相册中</value></key><key name="config_save_label"><value>保存</value></key><key name="config_tpl_view_mode"><value>封面列表类型</value></key><key name="config_tpl_vm_list"><value>列表</value></key><key name="config_tpl_vm_preview"><value>预览</value></key><key name="content_gallery_settings"><value>封面库设置</value></key><key name="content_main_section"><value>封面设置</value></key><key name="content_share_section"><value>自动上传设置</value></key><key name="cover_not_found"><value>未发现封面图片</value></key><key name="cover_remove_success"><value>封面图片已删除</value></key><key name="cover_reposition_tip"><value>拖拽到合适位置</value></key><key name="cover_restore_success"><value>已恢复为缺省封面.</value></key><key name="cover_save_success"><value>封面已保存</value></key><key name="cover_stick_message"><value>此封面已设置为你的个人主页封面</value></key><key name="default_photo_album_name"><value>封面图片</value></key><key name="delete_cover_confirmation"><value>你是否确认要删除个人封面图片?</value></key><key name="feed_content_label"><value>个人封面图片</value></key><key name="gallery_close_btn"><value>取消</value></key><key name="gallery_save_btn"><value>保存</value></key><key name="gallery_tab_gallery"><value>封面库</value></key><key name="gallery_tab_photos"><value>照片</value></key><key name="heading_configuration"><value>个人封面</value></key><key name="info-about-label"><value>关于我</value></key><key name="info-about-preview"><value>关于我</value></key><key name="info-gender-age-label"><value>性别 + 年龄</value></key><key name="info-gender-age-preview"><value>性别 + 年龄</value></key><key name="info-question-label"><value>个人信息问题</value></key><key name="leave_review_suggest"><value>拜托！如果你喜欢这个插件， &lt;a href="{$pluginUrl}" target="_blank"&gt;给个评价吧&lt;/a&gt;.</value></key><key name="my_photos_title"><value>最近上传的照片</value></key><key name="newsfeed_add_cover"><value>添加了封面图片</value></key><key name="newsfeed_change_cover"><value>变更了封面图片</value></key><key name="notifications_comment_1"><value>{$user} 对你的封面图片进行了评论</value></key><key name="notifications_comment_2"><value>{$user1} 和 {$user2} 评论了你的封面图片</value></key><key name="notifications_comment_many"><value>{$user1} 和其他 {$otherCount} 用户评论了你的封面图片</value></key><key name="notifications_like_1"><value>{$user} 赞了你的封面图片</value></key><key name="notifications_like_2"><value>{$user1} 和 {$user2} 赞了你的封面图片</value></key><key name="notifications_like_many"><value>{$user1} 和其他 {$otherCount} 用户赞了你的封面图片</value></key><key name="notifications_section_label"><value>封面图片</value></key><key name="notifications_setting_comment"><value>有人对我的封面图片进行了评论</value></key><key name="notifications_setting_like"><value>有人赞了我的封面图片</value></key><key name="no_photos_label"><value>你没有上传的照片</value></key><key name="photo_select_cancel_label"><value>取消</value></key><key name="privacy_action_view_cover"><value>查看我的封面图片</value></key><key name="remove_label"><value>删除</value></key><key name="reposition_label"><value>封面位置</value></key><key name="restore_cover_confirmation"><value>你是否真的要删除此封面并切换到缺省的封面图片.</value></key><key name="restore_default_label"><value>恢复缺省封面</value></key><key name="save_changes_label"><value>保存更新</value></key><key name="saving_process_label"><value>保存...</value></key><key name="settings_saved_message"><value>设置已被保存</value></key><key name="setting_gallery_role_all"><value>全部</value></key><key name="setting_menu_gallery"><value>封面库</value></key><key name="setting_menu_main"><value>通用设置</value></key><key name="set_covet_label"><value>添加封面</value></key><key name="stick_label"><value>确定此封面</value></key><key name="template_default_flag_desc"><value>缺省封面</value></key><key name="template_gallery_switcher"><value>{$select} 乐友的封面库.</value></key><key name="template_global_settings_label"><value>通用设置:</value></key><key name="template_info_default_desc"><value>缺省封面将自动赋给没有设定封面的用户. &lt;br /&gt;&#13;
可以添加多个缺省封面.</value></key><key name="template_info_default_label"><value>缺省:</value></key><key name="template_info_label"><value>封面信息:</value></key><key name="template_info_lines_desc"><value>这些信息将显示在名字下面</value></key><key name="template_info_roles_desc"><value>此封面对于这些角色的乐友可用</value></key><key name="template_info_roles_label"><value>乐友角色:</value></key><key name="template_info_users_desc"><value>从封面库中选择此封面的乐友数</value></key><key name="template_info_users_label"><value>乐友:</value></key><key name="template_line1_label"><value>信息行 1</value></key><key name="template_line2_label"><value>信息行 2</value></key><key name="template_no_roles_selected_error"><value>至少赋给此封面一个角色</value></key><key name="template_remove_success"><value>封面图片已经被删除.</value></key><key name="template_upload_max_post_error"><value>你正试图上传的文件太大，系统无法处理.</value></key><key name="template_upload_no_uploaded_warning"><value>没有图片完成上传</value></key><key name="template_upload_some_not_uploaded_warning"><value>有些图片没有完成上传</value></key><key name="tpl_view_mode_desc"><value>此模式将被选为封面列表缺省模式T</value></key><key name="upload_file_extension_is_not_allowed"><value>仅支持 jpg, jpeg, png, gif 文件格式</value></key><key name="upload_label"><value>上传图片</value></key><key name="usercredits_action_add_cover"><value>添加封面</value></key><key name="validation_error_image_size"><value>请确保选择的图片满足至少 &lt;b&gt;{$minWidth} 像素宽，且 {$minHeight} 像素高&lt;/b&gt;.</value></key><key name="widget_title"><value>封面</value></key></prefix>
