<?xml version="1.0" encoding="utf-8"?>
<prefix name="video" label="Video" language_tag="zh-cn" language_label="chinese"><key name="activity_string"><value>&lt;a href="{$userUrl}"&gt;{$user}&lt;/a&gt; 添加了新视频: &lt;a href="{$url}"&gt;{$clipTitle}&lt;/a&gt;</value></key><key name="added"><value>已添加</value></key><key name="add_new"><value>添加新的</value></key><key name="admin_config"><value>视频 － 插件设置</value></key><key name="admin_menu_general"><value>常规</value></key><key name="auth_action_label_add"><value>添加视频</value></key><key name="auth_action_label_add_comment"><value>评论视频</value></key><key name="auth_action_label_delete_comment_by_content_owner"><value>内容所有者可以删除评论</value></key><key name="auth_action_label_view"><value>浏览视频</value></key><key name="auth_add_permissions"><value>你没有足够权限，无法添加视频文件！</value></key><key name="auth_group_label"><value>视频</value></key><key name="auth_view_permissions"><value>你未被允许浏览视频</value></key><key name="btn_add"><value>添加</value></key><key name="btn_edit"><value>保存</value></key><key name="clips_by"><value>音乐视频来自</value></key><key name="clip_added"><value>视频已添加</value></key><key name="clip_add_string"><value>已添加新视频</value></key><key name="clip_deleted"><value>视频已删除</value></key><key name="clip_edited_string"><value>已编辑他们的视频</value></key><key name="clip_not_deleted"><value>视频没有被删除</value></key><key name="clip_updated"><value>视频已更新</value></key><key name="cmp_widget_user_video_show_titles"><value>显示视频标题</value></key><key name="cmp_widget_video_count"><value>显示的视频数</value></key><key name="cmp_widget_video_count_msg"><value>使用 1 和 20 之间数值</value></key><key name="code"><value>内嵌代码</value></key><key name="code_desc"><value>用户视频嵌入来自如Youtube, Metacafe, Google Video 等代码.</value></key><key name="comment_activity_string"><value>&lt;a href="{$commentorUrl}"&gt;{$commentor}&lt;/a&gt; 评论了 &lt;a href="{$ownerUrl}"&gt;{$owner}&lt;/a&gt;的视频: &lt;a href="{$url}"&gt;{$title}&lt;/a&gt;</value></key><key name="confirm_delete"><value>你是否确认要删除视频?</value></key><key name="content_video_group_label"><value>视频</value></key><key name="content_video_label"><value>视频</value></key><key name="description"><value>描述</value></key><key name="description_desc"><value>简短描述</value></key><key name="email_notifications_comment"><value>&lt;a href="{$userUrl}"&gt;{$userName}&lt;/a&gt; 评论了你的视频: &lt;a href="{$videoUrl}"&gt;{$videoTitle}&lt;/a&gt;</value></key><key name="email_notifications_section_label"><value>视频</value></key><key name="email_notifications_setting_comment"><value>有人对我的视频进行了评论</value></key><key name="feed_activity_owner_video_like"><value>赞了这个视频</value></key><key name="feed_activity_owner_video_string"><value>对他们的视频进行了评论</value></key><key name="feed_activity_video_string"><value>对{$user}的视频进行了评论</value></key><key name="feed_activity_video_string_like"><value>赞了{$user}的视频</value></key><key name="feed_content_label"><value>视频</value></key><key name="flags"><value>视频</value></key><key name="mark_featured"><value>设为推荐</value></key><key name="menu_featured"><value>推荐</value></key><key name="menu_latest"><value>最新</value></key><key name="menu_tagged"><value>通过标签浏览</value></key><key name="menu_toprated"><value>排行</value></key><key name="meta_description_user_video"><value>来自{$displayName}的视频</value></key><key name="meta_description_video_add"><value>添加新视频到 {$site_name}.</value></key><key name="meta_description_video_featured"><value>来自{$site_name}的最佳视频!</value></key><key name="meta_description_video_latest"><value>{$site_name} 上最近上传的视频.</value></key><key name="meta_description_video_tagged"><value>视频标签: {$topTags}, 和其他。</value></key><key name="meta_description_video_tagged_as"><value>查看标签未 '{$tag}' 的视频.</value></key><key name="meta_description_video_toprated"><value>{$site_name}上的高分视频.</value></key><key name="meta_description_video_view"><value>视频名称 '{$title}', 标签：{$tags}.</value></key><key name="meta_title_user_video"><value>{$displayName}的视频 - {$site_name}</value></key><key name="meta_title_video_add"><value>添加新的视频</value></key><key name="meta_title_video_featured"><value>推荐视频 - {$site_name}</value></key><key name="meta_title_video_latest"><value>最近的视频 - {$site_name}</value></key><key name="meta_title_video_tagged"><value>通过标签浏览视频 - {$site_name}</value></key><key name="meta_title_video_tagged_as"><value>'{$tag}' 视频 - {$site_name}</value></key><key name="meta_title_video_toprated"><value>高分视频 - {$site_name}</value></key><key name="meta_title_video_view"><value>视频 {$title} - {$site_name}</value></key><key name="my_video"><value>我的视频</value></key><key name="no_video"><value>没有视频</value></key><key name="no_video_found"><value>没找到视频</value></key><key name="other_video"><value>其他用户视频</value></key><key name="page_title_add_video"><value>添加视频</value></key><key name="page_title_browse_video"><value>浏览视频</value></key><key name="page_title_video_by"><value>视频来自 {$user}</value></key><key name="pending_approval_feedback"><value>该视频正在等待审批，将会很快上线</value></key><key name="per_page"><value>每页视频</value></key><key name="per_page_desc"><value>浏览视频列表</value></key><key name="player_size"><value>主要视频播放器大小</value></key><key name="privacy_action_view_video"><value>查看我的视频</value></key><key name="quota"><value>每个乐友最大视频数</value></key><key name="quotas"><value>配额</value></key><key name="quota_desc"><value>保持该数值足够大</value></key><key name="quota_exceeded"><value>你已经超出视频上传限制: {$limit}</value></key><key name="remove_from_featured"><value>取消推荐</value></key><key name="resource_not_allowed"><value>视频资料时不被允许的</value></key><key name="settings_updated"><value>视频配置已更新</value></key><key name="size_desc"><value>这是在视频页面上播放器的大小</value></key><key name="status_changed"><value>视频状态已改变</value></key><key name="status_not_changed"><value>视频状态未改变</value></key><key name="tags"><value>标签</value></key><key name="tags_desc"><value>逗号分割的</value></key><key name="tag_search"><value>标签搜索</value></key><key name="tag_search_result"><value>标签检索结果:</value></key><key name="tb_edit_clip"><value>编辑视频</value></key><key name="title"><value>标题</value></key><key name="total_video"><value>视频数 {$total}</value></key><key name="usercredits_action_add_comment"><value>评论视频</value></key><key name="usercredits_action_add_video"><value>添加视频</value></key><key name="video"><value>视频</value></key><key name="video_add_tip"><value>我们只允许嵌入来自其他视频分享平台的 &lt;b&gt;已有视频&lt;/b&gt; .</value></key><key name="video_by"><value>视频来自</value></key><key name="video_info"><value>视频</value></key><key name="video_list_widget"><value>视频</value></key><key name="view_settings"><value>查看设置</value></key></prefix>
