<?xml version="1.0" encoding="utf-8"?>
<prefix name="fbconnect" label="Facebook Connect" language_tag="zh-cn" language_label="chinese"><key name="access_settings_api_key_label"><value>API key</value></key><key name="access_settings_api_secret_label"><value>App Secret</value></key><key name="access_settings_app_id_label"><value>App ID</value></key><key name="additional_settings_synchronize"><value>允许针对非Facebook信息的同步</value></key><key name="additional_settings_synchronize_desc"><value>所有乐友可以同步他们的Facebook帐号信息</value></key><key name="additional_settings_title"><value>其他设置</value></key><key name="admin_configuration_required_notification"><value>&lt;a href="{$href}"&gt;Facebook Connect&lt;/a&gt; 需要配置</value></key><key name="admin_sidebar_menu_label"><value>Facebook Connect</value></key><key name="application_configuration_title"><value>管理你的 Facebook 应用</value></key><key name="app_edit_desc"><value>定制你的 Facebook App’s URLs, icon, 名称, 等等</value></key><key name="app_edit_title"><value>编辑 Facebook 应用</value></key><key name="app_register_title"><value>设置Facebook连接</value></key><key name="app_remove_app_desc"><value>从头开始配置</value></key><key name="app_remove_app_title"><value>删除Facebook应用</value></key><key name="app_reset_desc"><value>你应用设置已恢复</value></key><key name="app_reset_failed_msg"><value>应用重置失败. 请重试.</value></key><key name="app_reset_success_msg"><value>你的应用已被重置.</value></key><key name="app_reset_title"><value>修复 Facebook 应用</value></key><key name="configuration_fields_fbfields_label"><value>Facebook 个人信息</value></key><key name="configuration_fields_legend"><value>当用户使用Facebook登陆时，相关信息将提取用于个人信息同步. 这里你要设置需同步的信息项. 仅对文本信息有效.</value></key><key name="configuration_fields_questions_label"><value>个人信息问题</value></key><key name="configuration_fields_suggest"><value>当你变更 &lt;a href="{$questionsUrl}"&gt;个人信息问题&lt;/a&gt;时，别忘了查看这些设置是否正确.</value></key><key name="configuration_settings_saved"><value>配置已更新</value></key><key name="connect_btn_label"><value>连接</value></key><key name="connect_mobile_btn_label"><value>使用Facebook登陆</value></key><key name="feed_user_join"><value>使用Facebook帐号登陆网站!</value></key><key name="heading_configuration"><value>Facebook 连接</value></key><key name="join_activity_string"><value>&lt;a href="{$userUrl}"&gt;{$user}&lt;/a&gt; 使用Facebook帐号登陆网站!</value></key><key name="join_dublicate_email_msg"><value>抱歉，好像该邮件已被使用</value></key><key name="join_incomplete"><value>好像与Facebook的连接有问题. 请稍后再试.</value></key><key name="join_incorrect_username"><value>抱歉，无法登陆，请确认你的 Facebook 帐号名称中是否包含了非拉丁字符 ( for example $, %, ^, &amp;, *, é, ŋ )</value></key><key name="join_success_msg"><value>你已经成功使用Facebook帐号登陆</value></key><key name="login_success_msg"><value>你已经成功使用Facebook帐号登陆</value></key><key name="menu_item_configuration_fields"><value>个人信息问题同步</value></key><key name="menu_item_configuration_settings"><value>设置</value></key><key name="register_app_desc"><value>&lt;p&gt;&#13;
参考下面2个简单步骤以建立Facebook Connect:&#13;
&lt;/p&gt;&#13;
&lt;ul class="ow_regular ow_stdmargin"&gt;&#13;
&lt;li&gt;&#13;
&lt;b&gt;&lt;a href="http://www.facebook.com/developers/createapp.php" target="_blank"&gt;创建应用&lt;/a&gt;&lt;/b&gt; 和设置名字.&#13;
&lt;/li&gt;&#13;
&lt;li&gt;你会被分配给 &lt;b&gt;App ID&lt;/b&gt; 和 &lt;b&gt;App Secret&lt;/b&gt;. 将其拷贝导下面的表单中即完成设置!&#13;
&lt;/li&gt;&#13;
&lt;/ul&gt;&#13;
完成上述步骤，Facebook Connect 即可以使用了!</value></key><key name="register_app_failed"><value>应用设置失败. 请检查你的 App ID 和 Application Secret.</value></key><key name="register_app_success"><value>Facebook 连接已成功配置!</value></key><key name="save_btn_label"><value>保存</value></key><key name="synchronize_btn_label"><value>同步</value></key><key name="synchronize_success_msg"><value>你已成功完成你个人信息的同步</value></key></prefix>
