<?xml version="1.0" encoding="utf-8"?>
<prefix name="admin" label="Admin" language_tag="zh-cn" language_label="chinese"><key name="account_type_sort_order"><value>次序</value></key><key name="account_type_translation"><value>翻译</value></key><key name="active_languages"><value>采用的语言</value></key><key name="add_button"><value>添加</value></key><key name="add_key_form_lbl_add"><value>添加</value></key><key name="add_key_form_lbl_key"><value>键</value></key><key name="add_key_form_lbl_val"><value>{$label} ( {$tag} )中的文本</value></key><key name="add_language_pack_empty_file_error_message"><value>语言包为空或无效。请使用可用语言包重试。</value></key><key name="add_new_lang_or_pack"><value>添加新语言包</value></key><key name="add_new_role_block_cap_label"><value>添加新角色</value></key><key name="add_new_text"><value>添加新文本</value></key><key name="add_question_value_description"><value>添加新值: &lt;span class="ow_small ow_highlight"&gt;使用逗号分割&lt;/span&gt;</value></key><key name="admin_dashboard"><value>管理中心</value></key><key name="admin_suspend_floatbox_title"><value>挂起乐友</value></key><key name="all_sections"><value>所有版块</value></key><key name="are_you_sure"><value>你确定吗？</value></key><key name="auth_group_label"><value>管理</value></key><key name="available_languages"><value>可用语言包</value></key><key name="avatar_label"><value>头像图片上的标注</value></key><key name="avatar_label_color"><value>标注颜色</value></key><key name="back_to_roles"><value>返回到乐友角色</value></key><key name="back_to_site_label"><value>返回网站</value></key><key name="back_to_theme_list"><value>返回到主题列表</value></key><key name="btn_label_activate"><value>激活</value></key><key name="btn_label_clone"><value>克隆</value></key><key name="btn_label_deactivate"><value>取消激活</value></key><key name="btn_label_delete"><value>删除</value></key><key name="btn_label_edit"><value>编辑</value></key><key name="btn_label_edit_values"><value>值</value></key><key name="check_other_langs"><value>检查 &lt;a href="languages/mod"&gt;其他语言&lt;/a&gt;</value></key><key name="clone_form_descr_label"><value>例子: &lt;b&gt;英文&lt;/b&gt;</value></key><key name="clone_form_descr_tag"><value>&lt;p class="ow_smallmargin"&gt;你需要输入对应的语言编码，参见 &lt;a href="http://en.wikipedia.org/wiki/ISO_3166-1_alpha-2#Officially_assigned_code_elements"&gt;Alpha-2 ISO language tags&lt;/a&gt;.&lt;/p&gt;&#13;
例如: &lt;b&gt;en-US&lt;/b&gt; 或 &lt;b&gt;en-GB-custom&lt;/b&gt;.</value></key><key name="clone_form_lbl_label"><value>语言设置</value></key><key name="clone_form_lbl_submit"><value>添加</value></key><key name="clone_form_lbl_tag"><value>ISO 标签&#13;
&lt;a class="ow_lbutton ow_red" target="_blank" href="http://en.wikipedia.org/wiki/ISO_3166-1_alpha-2#Officially_assigned_code_elements"&gt;?&lt;/a&gt;</value></key><key name="clone_language"><value>克隆语言包</value></key><key name="clone_language_cap_label"><value>克隆语言包</value></key><key name="com_plugin_request_key_label"><value>注册码</value></key><key name="com_plugin_request_text"><value>你是否确认要更新插件 &lt;i&gt;'{$name}'&lt;/i&gt; 从版本 &lt;b&gt;{$oldVersion}&lt;/b&gt; 到版本 &lt;b&gt;{$newVersion}&lt;/b&gt;? 该插件是商业插件，更新请输入注册码并点击‘更新’按钮.</value></key><key name="com_theme_request_name_label"><value>注册码</value></key><key name="com_theme_request_text"><value>您是否确认将 &lt;i&gt;'{$name}'&lt;/i&gt; 主题从版本 &lt;b&gt;{$oldVersion}&lt;/b&gt; 更新至 &lt;b&gt;{$newVersion}&lt;/b&gt;? 该主题为商业主题，您需要提供注册码以进行相应更新操作.</value></key><key name="confirm_avatar_delete"><value>确定删除默认头像?</value></key><key name="confirm_delete_users"><value>您确认要删除选定的乐友?</value></key><key name="confirm_suspend_users"><value>您是否确认要冻结所选乐友？</value></key><key name="console_item_admin_dashboard"><value>管理中心</value></key><key name="console_item_manage_pages"><value>管理页面</value></key><key name="console_item_manage_plugins"><value>管理插件</value></key><key name="console_item_manage_theme"><value>编辑主题</value></key><key name="console_item_manage_users"><value>管理乐友</value></key><key name="core_update_download_error"><value>下载平台更新包出错</value></key><key name="core_update_leave_button_label"><value>否</value></key><key name="core_update_unzip_error"><value>无法解压已下载压缩包</value></key><key name="cron_configuration_required_notice"><value>你需要设置服务器定时任务 &lt;a href="{$helpUrl}"&gt;设置方法&lt;/a&gt;</value></key><key name="css_edit_success_message"><value>主题乐友定制CSS已编辑</value></key><key name="currency"><value>货币类型</value></key><key name="custom_keys"><value>定制键</value></key><key name="def"><value>缺省</value></key><key name="default_avatar_deleted"><value>缺省头像图片已删除</value></key><key name="default_role"><value>缺省角色</value></key><key name="delete"><value>删除</value></key><key name="delete_btn_label"><value>删除</value></key><key name="delete_content_warning"><value>警告</value></key><key name="display_avatar_label"><value>在头像图片上显示角色</value></key><key name="edit_langs_cap_label"><value>编辑语言包</value></key><key name="edit_language"><value>编辑语言包</value></key><key name="email_already_verify"><value>Email already verified</value></key><key name="empty"><value>Empty</value></key><key name="error_cant_connect_to_host"><value>非法的FTP设置! 无法与所提供的主机建立连接.</value></key><key name="error_empty_credentials_provided"><value>非法的FTP设置! 空的用户名和密码。</value></key><key name="error_empty_host_provided"><value>非法的FTP设置! 请提供主机（host）信息.</value></key><key name="error_ftp_function_is_not_available"><value>无法完成操作. `ftp_connect`功能无法使用.</value></key><key name="error_invalid_credentials_provided"><value>FTP登录错误!提供身份验证失败,请检查用户名和密码。</value></key><key name="export_lang_button_label"><value>导出</value></key><key name="export_lang_button_label2"><value>导出所选项</value></key><key name="export_lang_header"><value>导出语言</value></key><key name="export_lang_note"><value>你可以导出/备份你网站上安装的任何插件所采用的语言文本.</value></key><key name="export_lang_note2"><value>选择你希望导出的插件和语言项</value></key><key name="feed_content_avatar_change"><value>乐友头像更新</value></key><key name="feed_content_edit"><value>乐友资料编辑</value></key><key name="feed_content_registration"><value>新乐友注册</value></key><key name="feed_content_user_comment"><value>个人信息评论</value></key><key name="finance_settings"><value>财务</value></key><key name="found_users"><value>找到: &lt;b&gt;{$count}&lt;/b&gt; 乐友</value></key><key name="free_plugin_request_text"><value>你是否确认将插件&lt;i&gt;'{$name}'&lt;/i&gt; 从版本 &lt;b&gt;{$oldVersion}&lt;/b&gt; 更新至 &lt;b&gt;{$newVersion}&lt;/b&gt;?</value></key><key name="free_theme_request_text"><value>您是否确认将 &lt;i&gt;'{$name}'&lt;/i&gt; 主题从版本 &lt;b&gt;{$oldVersion}&lt;/b&gt; 更新至 &lt;b&gt;{$newVersion}&lt;/b&gt;?</value></key><key name="go"><value>Go</value></key><key name="heading_browse_users"><value>浏览乐友</value></key><key name="heading_mail_settings"><value>SMTP 设置</value></key><key name="heading_main_settings"><value>站点设置</value></key><key name="heading_mobile_settings"><value>设置</value></key><key name="heading_page_settings"><value>全局页面设置</value></key><key name="heading_questions"><value>简介设置</value></key><key name="heading_user_input_settings"><value>乐友输入设置</value></key><key name="heading_user_role"><value>乐友角色: {$role}</value></key><key name="heading_user_roles"><value>乐友角色管理</value></key><key name="heading_user_settings"><value>乐友设置</value></key><key name="import_lang_button_label"><value>导入所选项</value></key><key name="import_lang_note"><value>这里你可以上传用于一个插件的语言文件 ( &lt;b&gt;.XML&lt;/b&gt; file) 或 多个插件的语言包 ( &lt;b&gt;.ZIP&lt;/b&gt; file).</value></key><key name="inactive_languages"><value>未激活的语言包</value></key><key name="input_settings_allow_photo_upload_label"><value>允许照片上传</value></key><key name="input_settings_attch_ext_list_desc"><value>允许上传的文件类型. 每行输入一个类型，格式: xxx</value></key><key name="input_settings_attch_ext_list_label"><value>已允许的扩展</value></key><key name="input_settings_attch_max_upload_size_label"><value>最大上传文件尺寸</value></key><key name="input_settings_avatar_max_upload_size_label"><value>最大头像图片尺寸</value></key><key name="input_settings_comments_rich_media_disable_desc"><value>选中该选项，如果你不想允许乐友在整个网站评论中添加视频和图片.</value></key><key name="input_settings_comments_rich_media_disable_label"><value>禁止视频和图片</value></key><key name="input_settings_max_upload_size_label"><value>最大上传文件大小</value></key><key name="input_settings_resource_list_desc"><value>List domains from which you allow to embed videos or put iframes. These should be sites that provide embed code for videos or valid content which you entrust. One domain per line.</value></key><key name="input_settings_resource_list_label"><value>Allowed resources list</value></key><key name="input_settings_user_custom_html_disable_desc"><value>Check if you don't want to allow users write HTML code in posts (like blogs and forums). Recommended for security reasons.</value></key><key name="input_settings_user_custom_html_disable_label"><value>Disable custom HTML</value></key><key name="input_settings_user_rich_media_disable_desc"><value>Check if you don't want to allow people to add rich media (like photo and video) in posts (like blogs and forums).</value></key><key name="input_settings_user_rich_media_disable_label"><value>Disable rich media</value></key><key name="invite_members_button_label"><value>邀请新乐友</value></key><key name="invite_members_cap_label"><value>邀请新乐友</value></key><key name="invite_members_max_limit_message"><value>Please enter max 50 emails</value></key><key name="invite_members_min_limit_message"><value>You should enter at least one email address</value></key><key name="invite_members_submit_label"><value>Invite</value></key><key name="invite_members_success_message"><value>Invitations successfully sent</value></key><key name="invite_members_textarea_invitation_text"><value>Enter list of emails (max 50, one email per line)</value></key><key name="joined"><value>已加入</value></key><key name="join_display_photo_upload"><value>上传头像</value></key><key name="join_display_photo_upload_desc"><value>允许乐友在注册时上传个人头像</value></key><key name="join_display_terms_of_use"><value>Enable 'Terms of use' checkbox</value></key><key name="join_display_terms_of_use_desc"><value>Require users to agree to terms of use on registration</value></key><key name="join_page"><value>Registration</value></key><key name="join_photo_upload_set_required"><value>Make 'Photo Upload' a required field</value></key><key name="join_photo_upload_set_required_desc"><value>Make 'Photo Upload' a required field on Join Page.</value></key><key name="language"><value>Language</value></key><key name="languages_page_heading"><value>语言包</value></key><key name="languages_values_updated"><value>语言内容已更新</value></key><key name="language_activated"><value>语言包已激活</value></key><key name="language_deactivated"><value>语言包未激活</value></key><key name="language_deleted"><value>语言包已删除</value></key><key name="language_edit_form_error_message"><value>语言包编辑失败，请重试</value></key><key name="language_edit_form_success_message"><value>语言包编辑中，请等待……</value></key><key name="language_import_complete_success_message"><value>语言包导入</value></key><key name="lang_edit_form_rtl_desc"><value>如果你需要“自右向左”的文本方向，请选中改选项</value></key><key name="lang_edit_form_rtl_label"><value>RTL</value></key><key name="lang_file"><value>Language File:</value></key><key name="lang_import_check_all"><value>Check all languages for all plugins</value></key><key name="license_form_leave_label"><value>Back to plugin list</value></key><key name="license_form_submit_label"><value>Update</value></key><key name="mail_settings_updated"><value>SMTP settings updated</value></key><key name="mail_smtp_connection_desc"><value>Make sure you test your SMTP connection before you start sending emails using it. Otherwise, your site may stop sending emails at all.</value></key><key name="mail_smtp_connection_prefix"><value>Secure connection</value></key><key name="mail_smtp_connection_prefix_desc"><value>SMTP connection security type</value></key><key name="mail_smtp_secure_invitation"><value>Off</value></key><key name="mail_smtp_test_connection_btn"><value>Test connection</value></key><key name="mail_smtp_test_connection_title"><value>Test SMTP connection</value></key><key name="mail_smtp_title_enabled"><value>Enable</value></key><key name="mail_smtp_title_enabled_desc"><value>Please do not enable if you don't know what you are doing. Your site may stop sending emails!</value></key><key name="mail_smtp_title_host"><value>Host:Port</value></key><key name="mail_smtp_title_password"><value>密码</value></key><key name="mail_smtp_title_user"><value>乐友名</value></key><key name="maintenance_enable_desc"><value>&lt;p&gt;This will render your site inaccessible and show everyone maintenance message.&lt;/p&gt;&#13;
&lt;b&gt;You will still be able to sign in as admin here: &lt;a href="{$site_url}sign-in"&gt;{$site_url}sign-in&lt;/a&gt;&lt;/b&gt;</value></key><key name="maintenance_enable_label"><value>禁止网站使用并呈现维护页面。</value></key><key name="maintenance_page_heading"><value>维护页面</value></key><key name="maintenance_page_title"><value>维护页面</value></key><key name="maintenance_section_label"><value>设置</value></key><key name="maintenance_submit_success_message"><value>Maintenance mode changed</value></key><key name="maintenance_text_desc"><value>HTML allowed</value></key><key name="maintenance_text_label"><value>Maintenance message</value></key><key name="maintenance_text_value"><value>&lt;h1 class="ow_stdmargin ow_ic_gear_wheel"&gt;维护中.&lt;/h1&gt;&#13;
抱歉，本网站正处于计划维护中. 我们将很快提供服务.</value></key><key name="main_menu_admin"><value>管理</value></key><key name="main_menu_item"><value>管理</value></key><key name="main_settings_updated"><value>Settings have been updated</value></key><key name="manage_plugins_activate_button_label"><value>Activate</value></key><key name="manage_plugins_activate_success_message"><value>"{$plugin}" plugin activated</value></key><key name="manage_plugins_active_box_cap_label"><value>已激活插件</value></key><key name="manage_plugins_add_box_cap_label"><value>添加新插件</value></key><key name="manage_plugins_add_empty_field_error_message"><value>Invalid plugin archive</value></key><key name="manage_plugins_add_ftp_move_error"><value>Can't upload archive by FTP</value></key><key name="manage_plugins_add_size_error_message"><value>插件控件超过了限额</value></key><key name="manage_plugins_available_box_cap_label"><value>可用插件</value></key><key name="manage_plugins_core_update_request_box_cap_label"><value>Platform update request</value></key><key name="manage_plugins_core_update_request_text"><value>Are you sure you want to update platform from version &lt;b&gt;{$oldVersion}&lt;/b&gt; to &lt;b&gt;{$newVersion}&lt;/b&gt;?{$info}</value></key><key name="manage_plugins_deactivate_button_label"><value>Deactivate</value></key><key name="manage_plugins_deactivate_success_message"><value>"{$plugin}" plugin deactivated</value></key><key name="manage_plugins_delete_button_label"><value>删除</value></key><key name="manage_plugins_delete_confirm_message"><value>你是否确认要完全删除插件 `{$pluginName}`</value></key><key name="manage_plugins_delete_success_message"><value>"{$plugin}" 已删除</value></key><key name="manage_plugins_ftp_box_cap_label"><value>Enter Attributes</value></key><key name="manage_plugins_inactive_box_cap_label"><value>未激活插件</value></key><key name="manage_plugins_install_button_label"><value>安装</value></key><key name="manage_plugins_install_error_message"><value>Invalid plugin key - `{$key}` provided.</value></key><key name="manage_plugins_install_success_message"><value>"{$plugin}" plugin successfully installed</value></key><key name="manage_plugins_manual_update_request"><value>The source code of '&lt;i&gt;{$name}&lt;/i&gt;' plugin was updated. Need to update plugin DB.</value></key><key name="manage_plugins_plugin_not_found"><value>Plugin not found</value></key><key name="manage_plugins_settings_button_label"><value>设置</value></key><key name="manage_plugins_uninstall_button_label"><value>卸载</value></key><key name="manage_plugins_uninstall_confirm_message"><value>你确定要卸载这个插件?</value></key><key name="manage_plugins_uninstall_error_message"><value>插件卸载错误</value></key><key name="manage_plugins_uninstall_request_box_cap_label"><value>Plugin uninstall request</value></key><key name="manage_plugins_uninstall_success_message"><value>"{$plugin}" 插件已成功卸载</value></key><key name="manage_plugins_update_button_label"><value>Update</value></key><key name="manage_plugins_update_process_error"><value>Can't update plugin</value></key><key name="manage_plugins_update_request_box_cap_label"><value>Plugin update request</value></key><key name="manage_plugins_update_success_message"><value>Plugin successfully updated</value></key><key name="manage_plugins_up_to_date_message"><value>Plugin is up to date</value></key><key name="manage_plugin_add_extract_error"><value>Can't extract plugin archive files</value></key><key name="manage_plugin_cant_add_duplicate_key_error"><value>无法添加插件。重复插件值错误。</value></key><key name="manage_themes_add_empty_field_error_message"><value>无效的主题包</value></key><key name="manage_themes_theme_not_found"><value>未发现主题</value></key><key name="manage_themes_update_process_error"><value>无法安装主题</value></key><key name="manage_themes_update_request_box_cap_label"><value>主题更新请求</value></key><key name="manage_themes_update_success_message"><value>主题已成功更新</value></key><key name="manage_themes_up_to_date_message"><value>主题为最新</value></key><key name="manage_theme_add_extract_error"><value>Please upload valid theme archive file</value></key><key name="massmailing"><value>群发邮件</value></key><key name="massmailing_body_label"><value>邮件体</value></key><key name="massmailing_compose_email"><value>Compose Email</value></key><key name="massmailing_email_format_html"><value>HTML</value></key><key name="massmailing_email_format_label"><value>邮件格式</value></key><key name="massmailing_email_format_text"><value>文本</value></key><key name="massmailing_expire_text"><value>Next time you'll be able to start mass mailing not earlier than in &lt;b&gt;{$hours}&lt;/b&gt; hours.</value></key><key name="massmailing_following_variables_text"><value>你可以使用下面变量:</value></key><key name="massmailing_ignore_unsubscribe_label"><value>Ignore unsubscribe preference</value></key><key name="massmailing_preview_label"><value>预览</value></key><key name="massmailing_send_mails_message"><value>{$count} emails were sent</value></key><key name="massmailing_start_mailing_button"><value>开始发送邮件</value></key><key name="massmailing_subject_label"><value>主题</value></key><key name="massmailing_total_members"><value>&lt;b&gt;总计:&lt;/b&gt; &lt;i&gt;{$count}&lt;/i&gt; 乐友</value></key><key name="massmailing_unsubscribe_link_html"><value>&lt;br /&gt;&#13;
&lt;br /&gt;&#13;
To unsubscribe from this mailing list please &lt;a href="{$link}" &gt;click here&lt;/a&gt;</value></key><key name="massmailing_unsubscribe_link_text"><value>To unsubscribe from this mailing list please click here: {$link}</value></key><key name="massmailing_user_roles_label"><value>乐友角色</value></key><key name="massmailing_user_section_label"><value>乐友选择</value></key><key name="menu_item_basics"><value>Basic</value></key><key name="menu_item_mail_settings"><value>SMTP</value></key><key name="menu_item_page_settings"><value>Page settings</value></key><key name="menu_item_users_recently_active"><value>Recently active</value></key><key name="menu_item_users_suspended"><value>已冻结</value></key><key name="menu_item_users_unapproved"><value>不批准</value></key><key name="menu_item_users_unverified"><value>未认证</value></key><key name="menu_item_user_input_settings"><value>User input settings</value></key><key name="menu_item_user_roles"><value>乐友角色</value></key><key name="menu_item_user_settings"><value>乐友设置</value></key><key name="menu_item_user_settings_content_input"><value>Content input</value></key><key name="menu_item_user_settings_general"><value>常规</value></key><key name="missing_keys2"><value>缺失键值</value></key><key name="missing_text"><value>缺少文本内容</value></key><key name="mobile_settings_mobile_context_disable_desc"><value> 禁止手机版本的使用</value></key><key name="mobile_settings_mobile_context_disable_label"><value>禁止手机版本</value></key><key name="mobile_settings_tabe_heading"><value>通用手机设置</value></key><key name="msg_dublicate_key"><value>抱歉，文本键已经存在</value></key><key name="msg_lang_cloned"><value>Cloned</value></key><key name="msg_lang_clone_failed"><value>语言包克隆失败</value></key><key name="msg_lang_invalid_language_tag"><value>Invalid ISO tag.</value></key><key name="msg_one_active_constraint"><value>There should be at least one active language.</value></key><key name="my_profile_heading"><value>My profile</value></key><key name="notification_plugins_to_update"><value>插件更新包就绪数量: &lt;b&gt;{$count}&lt;/b&gt;. &lt;a href="{$link}"&gt;查看&lt;/a&gt;</value></key><key name="notification_soft_update"><value>平台已有最新更新包. &lt;a href="{$link}"&gt;更新 &lt;/a&gt;</value></key><key name="notification_themes_to_update"><value>主题更新: &lt;b&gt;{$count}&lt;/b&gt;. &lt;a href="{$link}"&gt;浏览&lt;/a&gt;</value></key><key name="no_users"><value>No users</value></key><key name="no_values"><value>No values</value></key><key name="or"><value>or</value></key><key name="original_value"><value>原始内容: {$label} ({$tag})</value></key><key name="pages_add_menu_name"><value>Menu Name</value></key><key name="pages_add_page_content"><value>Page Content</value></key><key name="pages_and_menus_bottom_menu_label"><value>Bottom Menu</value></key><key name="pages_and_menus_hidden_desc"><value>这里是一些实际存在但并未显示的页面. &lt;span class="ow_highlight"&gt;拖拽&lt;/span&gt; 到这里以隐藏显示.</value></key><key name="pages_and_menus_hidden_pages_label"><value>隐藏的页面</value></key><key name="pages_and_menus_instructions"><value>这里你可以查看存在的页面和菜单项. 这些是你自己定制的页面和一些由插件激活的页面. &lt;span class="ow_highlight"&gt;拖拽&lt;/span&gt; 这些项目以改变它们的位置.</value></key><key name="pages_and_menus_item_label"><value>Item</value></key><key name="pages_and_menus_legend_everyone_label"><value>visible to everyone</value></key><key name="pages_and_menus_legend_guests_label"><value>visible to guests only</value></key><key name="pages_and_menus_legend_label"><value>Legend</value></key><key name="pages_and_menus_legend_members_label"><value>visible to members only</value></key><key name="pages_and_menus_main_menu_label"><value>Main Menu</value></key><key name="pages_edit_external_menu_name_label"><value>Menu name</value></key><key name="pages_edit_external_url_label"><value>URL</value></key><key name="pages_edit_external_url_open_in_new_window"><value>Open in a new window</value></key><key name="pages_edit_external_visible_for"><value>Visible for</value></key><key name="pages_edit_local_menu_name"><value>Menu Name</value></key><key name="pages_edit_local_page_content"><value>Page content</value></key><key name="pages_edit_local_page_title"><value>Page Title</value></key><key name="pages_edit_local_page_url"><value>URL</value></key><key name="pages_edit_local_visible_for"><value>Visible For</value></key><key name="pages_edit_visible_for_guests"><value>Guests</value></key><key name="pages_edit_visible_for_members"><value>Registered Members</value></key><key name="pages_new_form_or"><value>OR</value></key><key name="pages_page_field_content_desc"><value>支持HTML</value></key><key name="pages_page_field_meta_desc"><value>Extra meta tags for your page's header section.</value></key><key name="pages_page_heading"><value>页面</value></key><key name="page_add_page_address"><value>Page Address</value></key><key name="page_default_heading"><value>{$site_name} 管理</value></key><key name="page_default_title"><value>{$site_name} 管理页面</value></key><key name="page_note_part_1"><value>Drag'n'drop</value></key><key name="page_note_part_2"><value>Language order to display on site. The first language will be set as  default one on the site.</value></key><key name="page_settings_favicon_submit_error_message"><value>请提供符合格式的图片</value></key><key name="page_settings_form_bottomcode_desc"><value>Code added to HTML document right before closing &lt;/BODY&gt; tag (custom Javascript).</value></key><key name="page_settings_form_bottomcode_label"><value>Custom tail code</value></key><key name="page_settings_form_favicon_desc"><value>Website icon in .ico format (16x16px)</value></key><key name="page_settings_form_favicon_label"><value>Favicon</value></key><key name="page_settings_form_headcode_desc"><value>Code added to HTML document head area (custom Javascript/CSS or META info).</value></key><key name="page_settings_form_headcode_label"><value>Custom head code</value></key><key name="page_settings_no_favicon_label"><value>No favicon. Check it to enable.</value></key><key name="page_title_finance"><value>财务</value></key><key name="page_title_manage_plugins"><value>管理插件</value></key><key name="page_title_manage_plugins_ftp_info"><value>FTP Attributes</value></key><key name="permissions_add_form_role_lbl"><value>Role Name:</value></key><key name="permissions_add_role_btn"><value>添加</value></key><key name="permissions_are_you_sure"><value>你确定吗？</value></key><key name="permissions_check_all_selected"><value>Check all | Selected:</value></key><key name="permissions_default_role"><value>缺省</value></key><key name="permissions_delete_role"><value>删除</value></key><key name="permissions_edit_role"><value>编辑角色</value></key><key name="permissions_edit_role_btn"><value>编辑</value></key><key name="permissions_feedback_cant_remove_moder"><value>Remove rights for 'Admin' from this moderator before you can remove them completely.</value></key><key name="permissions_feedback_moderator_added"><value>已添加协调人</value></key><key name="permissions_feedback_user_is_already_moderator"><value>{$username} 已是协调人</value></key><key name="permissions_feedback_user_kicked_from_moders"><value>乐友已从协调人中删除</value></key><key name="permissions_feedback_user_not_found"><value>未发现乐友</value></key><key name="permissions_go_to_permissions_page"><value>到权限 &lt;a href="{$url}"&gt;页面&lt;/a&gt; 更新指定乐友角色的权限设置.</value></key><key name="permissions_go_to_role_management_page"><value>去往&lt;a href="{$url}"&gt;角色管理页面&lt;/a&gt;创建/编辑/删除乐友角色。</value></key><key name="permissions_idex_if_not_yes_will_override_settings"><value>如果不是 &lt;b&gt;'是'&lt;/b&gt; 将覆盖所有其他权限设置</value></key><key name="permissions_index"><value>全局隐私设置</value></key><key name="permissions_index_admin_only_can_invate"><value>Admin only</value></key><key name="permissions_index_all_users_can_invate"><value>所有乐友</value></key><key name="permissions_index_anyone_can_join"><value>Anyone</value></key><key name="permissions_index_by_invitation_only_can_join"><value>By my invitation only</value></key><key name="permissions_index_guests_can_view_site"><value>Guests can view the site</value></key><key name="permissions_index_mandatory_member_approve"><value>强制成员批准</value></key><key name="permissions_index_moders_approve_members_manually"><value>协调人在允许他们进入之前将进行手动批准</value></key><key name="permissions_index_no"><value>No</value></key><key name="permissions_index_save"><value>Save</value></key><key name="permissions_index_user_approve"><value>强制成员批准</value></key><key name="permissions_index_who_can_invite"><value>谁可以邀请:</value></key><key name="permissions_index_who_can_join"><value>谁可以加入:</value></key><key name="permissions_index_with_password"><value>With password:</value></key><key name="permissions_index_yes"><value>Yes</value></key><key name="permissions_moderators"><value>管理员</value></key><key name="permissions_moders_add_moder"><value>Add New Moderator</value></key><key name="permissions_moders_content"><value>User</value></key><key name="permissions_moders_make_moderator"><value>Make Moderator</value></key><key name="permissions_moders_username"><value>乐友名</value></key><key name="permissions_number_of_users"><value># of Users</value></key><key name="permissions_page_heading"><value>隐私&amp;权限</value></key><key name="permissions_please_select_role"><value>Please, select at least one role</value></key><key name="permissions_roles"><value>乐友角色</value></key><key name="permissions_roles_deleted_msg"><value>角色已删除</value></key><key name="permissions_role_actions_label"><value>Actions</value></key><key name="permissions_role_added_msg"><value>New role added</value></key><key name="permissions_role_updated"><value>Role updated</value></key><key name="permissions_successfully_updated"><value>权限已成功更新</value></key><key name="permissions_user_role"><value>User Role</value></key><key name="permission_global_privacy_empty_pass_error_message"><value>请输入密码</value></key><key name="permission_global_privacy_pass_length_error_message"><value>请输入合理密码 (最少 3 字符)</value></key><key name="permission_global_privacy_settings_success_message"><value>Settings saved</value></key><key name="plugin"><value>Plugin</value></key><key name="plugins_manage_add_submit_label"><value>上传</value></key><key name="plugins_manage_ftp_attrs_invalid_host_message"><value>Connection failed, please check host and port details</value></key><key name="plugins_manage_ftp_attrs_invalid_login_params_message"><value>Invalid params for FTP login provided</value></key><key name="plugins_manage_ftp_attrs_invalid_user"><value>Invalid FTP attributes! Provided user doesn't have permissions to overwrite files.</value></key><key name="plugins_manage_ftp_form_host_label"><value>Host</value></key><key name="plugins_manage_ftp_form_login_label"><value>Login</value></key><key name="plugins_manage_ftp_form_password_label"><value>密码</value></key><key name="plugins_manage_ftp_form_port_label"><value>Port</value></key><key name="plugins_manage_ftp_form_submit_label"><value>Enter</value></key><key name="plugins_manage_invalid_license_key_error_message"><value>Please enter valid license key</value></key><key name="plugins_manage_need_ftp_attrs_message"><value>FTP access needed to complete the operation</value></key><key name="plugins_manage_no_available_items"><value>You don't have available plugins here.</value></key><key name="plugin_manual_update_button_label"><value>Update</value></key><key name="plugin_uninstall_request_text"><value>你确定要卸载 '{$name}' 插件吗?</value></key><key name="plugin_update_download_error"><value>Invalid or empty update pack archive</value></key><key name="plugin_update_no_button_label"><value>No</value></key><key name="plugin_update_request_error"><value>Plugin not found</value></key><key name="plugin_update_yes_button_label"><value>Yes</value></key><key name="possible_values_disable_message"><value>在这个问题中您不可以改变数值集</value></key><key name="questions_account_type_has_exclusive_questions"><value>You can't delete an account type while it still has exclusive profile quesitons.</value></key><key name="questions_account_type_label"><value>Showing questions for account type</value></key><key name="questions_account_type_was_added"><value>Account type has been added</value></key><key name="questions_account_type_was_deleted"><value>帐号类型已经被删除</value></key><key name="questions_account_type_was_updated"><value>帐号类型已更新</value></key><key name="questions_add_account_type_title"><value>添加帐号类型</value></key><key name="questions_add_edit_type_title"><value>编辑帐号类型</value></key><key name="questions_add_new_account_type"><value>Add new account type</value></key><key name="questions_add_new_question_button"><value>Add New Question</value></key><key name="questions_add_new_section_button"><value>添加</value></key><key name="questions_add_profile_question_title"><value>添加新问题</value></key><key name="questions_add_question_button"><value>添加问题</value></key><key name="questions_add_question_message"><value>Question has been added</value></key><key name="questions_add_question_values_message"><value>Add {$count} question value(s)</value></key><key name="questions_add_question_values_title"><value>Add new question values</value></key><key name="questions_add_section_button"><value>添加区域</value></key><key name="questions_add_values_description"><value>You can add up to 31 values</value></key><key name="questions_add_values_label"><value>Add values (one per line)</value></key><key name="questions_add_values_submit_button"><value>添加</value></key><key name="questions_admin_add_new_values"><value>添加新值</value></key><key name="questions_admin_dragndrop_reorder"><value>Drag'n'drop to rearrange</value></key><key name="questions_admin_existing_values"><value>Existing values</value></key><key name="questions_answer_type_label"><value>Answer type</value></key><key name="questions_cant_delete_default_account_type"><value>你不能删除缺省帐号类型.</value></key><key name="questions_cant_delete_last_account_type"><value>您不可以删除这个唯一的帐号类型。</value></key><key name="questions_columns_count_label"><value>Columns count</value></key><key name="questions_config_year_range_label"><value>年度范围</value></key><key name="questions_delete_account_type_confirmation"><value>等等！您确信要删除这个帐号类型？&#13;
&#13;
Remember: Users with this account:&#13;
1) will lose profile information associated to this account type;&#13;
2) will not be able to use the site until they sign in, choose a different account type, and enter necessary information.</value></key><key name="questions_delete_question_confirmation"><value>你是否确认要删除这个问题?</value></key><key name="questions_delete_question_parent_confirmation"><value>请确定是否需要删除该问题！&#13;
注意: 该操作将永久删除乐友信息中的相关部分.&#13;
&#13;
该问题还有相关问题 {$questions}. 这些相关信息也将被同时删除且无法恢复.</value></key><key name="questions_delete_section_confirmation"><value>你是否确认要删除这个部分?</value></key><key name="questions_delete_section_confirmation_with_move_questions"><value>你是否确认要删除这个部分?</value></key><key name="questions_edit_account_types_button"><value>编辑类型</value></key><key name="questions_edit_account_type_name_title"><value>编辑帐户类型名称</value></key><key name="questions_edit_account_type_title"><value>编辑帐号类型</value></key><key name="questions_edit_delete_value_confirm_message"><value>您确认?</value></key><key name="questions_edit_profile_question_title"><value>编辑个人信息（Profile）问题</value></key><key name="questions_edit_question_description_label"><value>问题描述</value></key><key name="questions_edit_question_description_title"><value>编辑问题描述</value></key><key name="questions_edit_question_name_title"><value>编辑问题名字</value></key><key name="questions_edit_question_value_title"><value>编辑问题值</value></key><key name="questions_edit_section_name_title"><value>编辑区域名称</value></key><key name="questions_edit_username_warning"><value>&lt;b&gt;我们不建议乐友名可编辑, 因为改变乐友名将会引起乐友详细信息地址的相应改变.&lt;/b&gt;</value></key><key name="questions_empty_lang_value"><value>No value</value></key><key name="questions_for_account_type_description"><value>Select an appropriate account type for the question &lt;i&gt;only&lt;/i&gt; if it doesn't fit other types.&lt;/b&gt; E.g.: &lt;b&gt;&lt;i&gt;Gender&lt;/i&gt;&lt;/b&gt; corresponds to &lt;b&gt;&lt;i&gt;Single&lt;/i&gt;&lt;/b&gt; but doesn't fit &lt;b&gt;&lt;i&gt;Couple&lt;/i&gt;&lt;/b&gt;.</value></key><key name="questions_for_account_type_label"><value>For account type</value></key><key name="questions_index_drag_n_drop_info_txt"><value>&lt;span class="ow_highlight"&gt;Drag'n'drop&lt;/span&gt; questions and sections to change their order.</value></key><key name="questions_index_info_txt"><value>Here you can change information added by users about themselves. You can change, rearrange, and add new profile questions.</value></key><key name="questions_matched_question_values"><value>这个问题符合 &lt;a href="{$url}" class="parent_question_link" parentId="{$parentId}"&gt;{$label}&lt;/a&gt;</value></key><key name="questions_new_question_label"><value>New section</value></key><key name="questions_new_section_label"><value>新区域</value></key><key name="questions_on_edit_description"><value>问题应可用于乐友编辑</value></key><key name="questions_on_edit_label"><value>On &lt;b&gt;资料编辑&lt;/b&gt;</value></key><key name="questions_on_search_description"><value>The question should be used for User Search</value></key><key name="questions_on_search_label"><value>On &lt;b&gt;Search&lt;/b&gt;</value></key><key name="questions_on_sing_up_description"><value>The question should be on the registration page</value></key><key name="questions_on_sing_up_label"><value>On &lt;b&gt;注册&lt;/b&gt;</value></key><key name="questions_on_view_description"><value>The question should be shown on profile view page</value></key><key name="questions_on_view_label"><value>On &lt;b&gt;Profile View&lt;/b&gt;</value></key><key name="questions_page_description"><value>你可以在这里改变乐友提交的信息项目.&lt;br&gt;&#13;
你可以改变，重新组织和添加新的个人信息问题.</value></key><key name="questions_possible_values_description"><value>You can add up to 31 values</value></key><key name="questions_possible_values_label"><value>可能值</value></key><key name="questions_profile_question_sections_title"><value>个人信息问题区</value></key><key name="questions_question_description_label"><value>描述</value></key><key name="questions_question_is_not_exist"><value>Question does not exist</value></key><key name="questions_question_name_label"><value>Question</value></key><key name="questions_question_section_label"><value>区域</value></key><key name="questions_question_was_deleted"><value>问题已被删除</value></key><key name="questions_question_was_not_updated_message"><value>Question was not updated</value></key><key name="questions_question_was_not_update_message"><value>Question was not updated</value></key><key name="questions_required_description"><value>The form will not submit if the user doesn't enter valid answer for this question</value></key><key name="questions_required_label"><value>必填项</value></key><key name="questions_save_account_type"><value>保存</value></key><key name="questions_save_and_new_label"><value>保存并添加新的</value></key><key name="questions_section_info_txt"><value>如果几有许多个人概况问题需要分成信息区域管理。你可以使用如下信息区域 "&lt;b&gt;&lt;i&gt;基本信息&lt;/i&gt;&lt;/b&gt;", "&lt;b&gt;&lt;i&gt;联系方式&lt;/i&gt;&lt;/b&gt;", "&lt;b&gt;&lt;i&gt;个人兴趣&lt;/i&gt;&lt;/b&gt;", 等等.</value></key><key name="questions_section_was_added"><value>区域已被添加</value></key><key name="questions_section_was_deleted"><value>部分已被删除</value></key><key name="questions_update_question_message"><value>Question updated</value></key><key name="questions_values_count"><value>{$count} values</value></key><key name="question_column_account_type"><value>Account type</value></key><key name="question_column_exclusive_questions"><value>Exclusive questions</value></key><key name="question_column_profile_edit"><value>编辑</value></key><key name="question_column_question"><value>Question</value></key><key name="question_column_require"><value>Require</value></key><key name="question_column_search"><value>搜索</value></key><key name="question_column_sign_up"><value>注册</value></key><key name="question_column_type"><value>Type</value></key><key name="question_column_values"><value>Values</value></key><key name="question_column_view"><value>View</value></key><key name="question_menu_account_types"><value>帐户类型</value></key><key name="question_menu_properties"><value>属性</value></key><key name="question_possible_values_label"><value>可能值</value></key><key name="question_settings_updated"><value>Settings have been updated</value></key><key name="restrictedusernames"><value>保留乐友名</value></key><key name="restrictedusernames_add_username"><value>添加保留乐友名</value></key><key name="restrictedusernames_add_username_button"><value>添加</value></key><key name="restrictedusernames_restricted_list_label"><value>保留乐友名列表</value></key><key name="restrictedusernames_username_added"><value>乐友名添加成功</value></key><key name="restrictedusernames_username_already_exists"><value>Username is already in the restricted list</value></key><key name="restrictedusernames_username_deleted"><value>乐友名已被从限制列表中删除</value></key><key name="restrictedusernames_username_label"><value>乐友名</value></key><key name="save_btn_label"><value>Save</value></key><key name="save_this_page"><value>保存此页</value></key><key name="search"><value>搜索</value></key><key name="search_by"><value>搜索by</value></key><key name="search_by_name"><value>通过名字搜索</value></key><key name="search_no_results_for_keyword"><value>没有关键词 &lt;i&gt;&lt;b&gt;{$keyword}&lt;/i&gt;&lt;/b&gt; 搜索结果</value></key><key name="search_results_for_keyword"><value>关键词搜索结果: &lt;i&gt;&lt;b&gt;{$keyword}&lt;/i&gt;&lt;/b&gt;</value></key><key name="section"><value>区域</value></key><key name="select_items_to_import_note"><value>Select what you would like to import from this language package.</value></key><key name="send_verification_email"><value>Send verification email</value></key><key name="settings_max_upload_size_error"><value>Value is incorrect or greater than server limit.</value></key><key name="settings_submit_error_message"><value>An error occurred while saving data, please try again</value></key><key name="settings_submit_success_message"><value>Settings saved</value></key><key name="set_suspend_message_label"><value>请提供挂起乐友的原因</value></key><key name="show"><value>显示:</value></key><key name="sidebar_menu_admin"><value>个人中心</value></key><key name="sidebar_menu_appearance"><value>外观</value></key><key name="sidebar_menu_basic_label"><value>基本</value></key><key name="sidebar_menu_dashboard"><value>概览</value></key><key name="sidebar_menu_item_css"><value>CSS</value></key><key name="sidebar_menu_item_dashboard_finance"><value>财务</value></key><key name="sidebar_menu_item_dev_langs"><value>语言包</value></key><key name="sidebar_menu_item_graphics"><value>图形</value></key><key name="sidebar_menu_item_maintenance"><value>维护页面</value></key><key name="sidebar_menu_item_main_settings"><value>站点设置</value></key><key name="sidebar_menu_item_pages_manage"><value>页面&amp;菜单</value></key><key name="sidebar_menu_item_permission"><value>全局隐私</value></key><key name="sidebar_menu_item_permissions"><value>隐私&amp;权限</value></key><key name="sidebar_menu_item_permission_moders"><value>管理员</value></key><key name="sidebar_menu_item_permission_role"><value>角色权限</value></key><key name="sidebar_menu_item_permission_roles"><value>乐友角色</value></key><key name="sidebar_menu_item_plugin_blogs"><value>博客</value></key><key name="sidebar_menu_item_plugin_contact_importer"><value>Contact Importer</value></key><key name="sidebar_menu_item_plugin_forum"><value>Forum</value></key><key name="sidebar_menu_item_plugin_links"><value>Links</value></key><key name="sidebar_menu_item_plugin_mass_mailing"><value>群发邮件</value></key><key name="sidebar_menu_item_plugin_photo"><value>图片</value></key><key name="sidebar_menu_item_plugin_video"><value>视频</value></key><key name="sidebar_menu_item_questions"><value>简介设置</value></key><key name="sidebar_menu_item_restricted_usernames"><value>保留乐友名</value></key><key name="sidebar_menu_item_roles"><value>乐友角色</value></key><key name="sidebar_menu_item_settings"><value>主题设置</value></key><key name="sidebar_menu_item_settings_language"><value>语言包</value></key><key name="sidebar_menu_item_splash_screen"><value>启动页面</value></key><key name="sidebar_menu_item_theme_choose"><value>选择主题</value></key><key name="sidebar_menu_item_theme_edit"><value>编辑主题</value></key><key name="sidebar_menu_item_users"><value>浏览乐友</value></key><key name="sidebar_menu_item_users_roles"><value>乐友角色</value></key><key name="sidebar_menu_item_user_dashboard"><value>个人中心</value></key><key name="sidebar_menu_item_user_profile"><value>乐友主页</value></key><key name="sidebar_menu_item_user_settings"><value>乐友设置</value></key><key name="sidebar_menu_mobile"><value>手机</value></key><key name="sidebar_menu_pages"><value>页面&amp;菜单</value></key><key name="sidebar_menu_pages_menus_label"><value>查看所有页/菜单</value></key><key name="sidebar_menu_plugins"><value>插件</value></key><key name="sidebar_menu_plugins_add"><value>添加新的</value></key><key name="sidebar_menu_plugins_available"><value>可用插件</value></key><key name="sidebar_menu_plugins_installed"><value>已安装插件</value></key><key name="sidebar_menu_plugins_manage"><value>管理插件</value></key><key name="sidebar_menu_privacy"><value>隐私&amp;权限</value></key><key name="sidebar_menu_question_settings"><value>Profile question settings</value></key><key name="sidebar_menu_settings"><value>设置</value></key><key name="sidebar_menu_themes_add"><value>添加主题</value></key><key name="sidebar_menu_theme_css_label"><value>Theme CSS</value></key><key name="sidebar_menu_users"><value>乐友</value></key><key name="sign_in_button_list_text"><value>or sign in with</value></key><key name="site_description"><value>描述</value></key><key name="site_description_desc"><value>Please write a couple of sentences to describe your site.</value></key><key name="site_email"><value>Site Email</value></key><key name="site_email_desc"><value>Email address from which your users will receive notifications and mass mailing.</value></key><key name="site_email_verify_promo"><value>You need to verify this email address. We sent verification message upon saving but you may want to send it again.</value></key><key name="site_installation"><value>Site Installation</value></key><key name="site_relative_time_desc"><value>"Yesterday, 5:31" instead of "June 1 '09, 5:31"</value></key><key name="site_tagline"><value>Tagline</value></key><key name="site_tagline_desc"><value>简短易记，一句话描述你的网站。</value></key><key name="site_title"><value>Site Name</value></key><key name="smtp_test_connection_success"><value>SMTP test success. You can start sending emails using this connection.</value></key><key name="soft_version"><value>Platform version &lt;b&gt;{$version}&lt;/b&gt; (build {$build})</value></key><key name="splash_button_label"><value>'Enter' button label</value></key><key name="splash_button_label_desc"><value>Custom button label to enter the site</value></key><key name="splash_button_value"><value>找乐开始</value></key><key name="splash_enable_desc"><value>利用启动页可以明确地问你的乐友是否同意进入站点</value></key><key name="splash_enable_label"><value>Enable</value></key><key name="splash_intro_desc"><value>启动页面内容，支持html</value></key><key name="splash_intro_label"><value>文本/HTML</value></key><key name="splash_intro_value"><value>&lt;div style="background: url(http://class1.local/zhaole365/ow_userfiles/themes/theme_image_2.jpg) no-repeat; height: 300px;"&gt;&lt;/div&gt;&#13;
&lt;div&gt;&#13;
&lt;p&gt;&#13;
找乐365 － 天天找乐不用愁！&#13;
立即行动？！&#13;
&lt;/p&gt;&#13;
&lt;/div&gt;</value></key><key name="splash_leave_button_label"><value>离开</value></key><key name="splash_leave_url_desc"><value>如果访客选择离开将转到哪里</value></key><key name="splash_leave_url_label"><value>'离开' URL</value></key><key name="splash_screen_page_heading"><value>启动页面</value></key><key name="splash_screen_page_title"><value>启动页面设置</value></key><key name="splash_screen_section_label"><value>启动页面设置</value></key><key name="splash_screen_submit_success_message"><value>Settings updated</value></key><key name="themes_add_new_box_cap_label"><value>添加新主题</value></key><key name="themes_add_theme_page_heading"><value>添加新主题</value></key><key name="themes_admin_list_cap_title"><value>管理面板主题</value></key><key name="themes_cant_delete_active_theme"><value>您不可以删除活动主题</value></key><key name="themes_cant_delete_default_theme"><value>您不可以删除缺省主题</value></key><key name="themes_choose_activate_button_label"><value>Activate</value></key><key name="themes_choose_delete_button_label"><value>删除</value></key><key name="themes_choose_delete_confirm_msg"><value>您是否确定要删除 `#theme#` 主题?</value></key><key name="themes_choose_list_cap_title"><value>Available Themes</value></key><key name="themes_choose_page_title"><value>选择主题</value></key><key name="themes_delete_success_message"><value>主题已删除</value></key><key name="themes_item_add_success_message"><value>Theme successfully added</value></key><key name="themes_manage_invalid_license_key_error_message"><value>请输入合法授权码</value></key><key name="themes_settings_graphics_preview_cap_label"><value>图片预览</value></key><key name="themes_settings_page_title"><value>编辑主题</value></key><key name="themes_settings_reset_label"><value>Reset</value></key><key name="theme_add_duplicated_dir_error"><value>Can't upload theme, theme directory `{$dir}` already exists</value></key><key name="theme_add_extract_error"><value>Can't extract theme archive</value></key><key name="theme_change_success_message"><value>Theme changed</value></key><key name="theme_css_edit_css_box_cap_label"><value>编辑 CSS</value></key><key name="theme_css_edit_submit_label"><value>Save</value></key><key name="theme_css_existing_css_box_cap_label"><value>Existing CSS Styles (read only)</value></key><key name="theme_graphics_delete_success_message"><value>图片已删除</value></key><key name="theme_graphics_image_delete_confirm_message"><value>确定删除图片?</value></key><key name="theme_graphics_list_cap_label"><value>图片列表</value></key><key name="theme_graphics_table_delete"><value>删除</value></key><key name="theme_graphics_table_preview"><value>图片预览</value></key><key name="theme_graphics_table_url"><value>URL</value></key><key name="theme_graphics_upload_form_fail_message"><value>图片未上传</value></key><key name="theme_graphics_upload_form_submit_label"><value>上传</value></key><key name="theme_graphics_upload_form_success_message"><value>图片已更新</value></key><key name="theme_graphics_upload_label"><value>更新图片</value></key><key name="theme_info_author_label"><value>Author</value></key><key name="theme_info_author_url_label"><value>Author URL</value></key><key name="theme_info_cap_label"><value>Theme Info</value></key><key name="theme_info_compatibility_label"><value>Compatibility</value></key><key name="theme_info_version_label"><value>Version</value></key><key name="theme_settings_cap_label"><value>Theme Customization</value></key><key name="theme_settings_form_submit_label"><value>Save</value></key><key name="theme_settings_no_controls_label"><value>This theme doesn't have any customization settings.</value></key><key name="theme_settings_reset_confirm_message"><value>Are you sure you want to reset your customizations?</value></key><key name="theme_update_download_error"><value>非法或空的更新包</value></key><key name="theme_update_not_available_error"><value>当前无法更新主题</value></key><key name="theme_update_request_error"><value>未发现主题</value></key><key name="timezone"><value>TimeZone</value></key><key name="time_settings"><value>时间设置</value></key><key name="title_add_new_text"><value>添加新文本</value></key><key name="total_users"><value>总计: &lt;b&gt;{$count}&lt;/b&gt; 乐友</value></key><key name="translation"><value>翻译: {$label} ({$tag})</value></key><key name="updated_msg"><value>更新成功</value></key><key name="user"><value>User</value></key><key name="user_avatar_settings"><value>头像设置</value></key><key name="user_delete_msg"><value>{$count} 乐友已被删除</value></key><key name="user_display_settings"><value>显示设置</value></key><key name="user_feedback_email_unverified"><value>所选乐友电子邮件标识为未验证</value></key><key name="user_feedback_email_verified"><value>所选乐友电子邮件为已验证</value></key><key name="user_feedback_profiles_approved"><value>选中乐友已被批准</value></key><key name="user_feedback_profiles_disapproved"><value>选中乐友已不被批准</value></key><key name="user_feedback_profiles_suspended"><value>个人简介被冻结</value></key><key name="user_feedback_profiles_unsuspended"><value>选中的乐友已被重新激活</value></key><key name="user_input_settings_attachments"><value>附件</value></key><key name="user_input_settings_comments"><value>内容评论</value></key><key name="user_input_settings_rich_media"><value>富媒体设置</value></key><key name="user_input_settings_user_content"><value>文本内容</value></key><key name="user_role_permissions_cap_label"><value>乐友角色权限</value></key><key name="user_search_result"><value>为: "&lt;b&gt;{$for}&lt;/b&gt;" 的乐友搜索结果</value></key><key name="user_settings_avatar_image"><value>默认头像</value></key><key name="user_settings_avatar_image_desc"><value>更新并覆盖主题的缺省头像图片</value></key><key name="user_settings_avatar_size"><value>头像尺寸</value></key><key name="user_settings_avatar_size_desc"><value>在所有列表中显示. 你也需要更新主题 CSS.</value></key><key name="user_settings_avatar_size_error"><value>最大头像图片尺寸为 {$max}px</value></key><key name="user_settings_avatar_size_label"><value>头像图片&lt;br /&gt; 裁剪尺寸</value></key><key name="user_settings_big_avatar_size"><value>较大头像尺寸</value></key><key name="user_settings_big_avatar_size_desc"><value>显示在个人主页上</value></key><key name="user_settings_big_avatar_size_error"><value>最大头像图片尺寸为 {$max}px</value></key><key name="user_settings_big_avatar_size_label"><value>大尺寸头像图片&lt;br /&gt; 裁剪尺寸</value></key><key name="user_settings_confirm_email"><value>Confirm email</value></key><key name="user_settings_confirm_email_desc"><value>When turned on users will have to verify email addresses before accessing the site.</value></key><key name="user_settings_display_name"><value>Show profile name as:</value></key><key name="user_settings_display_name_desc"><value>Normally you would need to choose between &lt;b&gt;&lt;i&gt;Username&lt;/i&gt;&lt;/b&gt; (traditional) and a real name (as on Facebook). This is a site-wide setting.</value></key><key name="user_settings_email"><value>电子邮件设置</value></key><key name="user_settings_updated"><value>乐友设置更新</value></key><key name="user_status"><value>状态</value></key><key name="user_status_suspended"><value>已冻结</value></key><key name="user_status_unapproved"><value>不批准</value></key><key name="user_status_unverified"><value>未认证</value></key><key name="use_military_time"><value>使用军事时间（精确）</value></key><key name="use_relative_time"><value>使用相对日期/时间</value></key><key name="verify_site_email"><value>验证</value></key><key name="warning_cron_is_not_active"><value>Oxwall cron script is not active. Please add it to cron jobs list ({$path}).</value></key><key name="warning_url_fopen_disabled"><value>Oxwall can't connect to update server. Seems you need to enable `url_fopen` in your php settings.</value></key><key name="you_are_editing"><value>你正在编辑</value></key></prefix>
