<?xml version="1.0" encoding="utf-8"?>
<prefix name="friends" label="Friends" language_tag="zh-cn" language_label="chinese"><key name="accept_request"><value>接受</value></key><key name="activity_content"><value>{$user_avatar} {$requester_avatar}</value></key><key name="activity_title"><value>&lt;a href="{$user_url}"&gt;{$name}&lt;/a&gt; 和 &lt;a href="{$requester_url}"&gt;{$requester_name}&lt;/a&gt; 现在是好友了</value></key><key name="add_to_friends"><value>加为好友</value></key><key name="auth_action_label_add_friend"><value>发送好友请求</value></key><key name="auth_group_label"><value>好友</value></key><key name="cancel_request"><value>取消</value></key><key name="comment_activity_string"><value>评论了 {$user1} 和 {$user2} 成为朋友的事情</value></key><key name="confirmed_mail_html"><value>&lt;p&gt;&#13;
{$sender}，你好！&#13;
&lt;/p&gt;&#13;
&lt;p&gt;&#13;
我们很高兴的通知你， &lt;a href="{$receiver_url}"&gt;{$receiver}&lt;/a&gt; 已经确认你为&lt;a href="{$site_url}"&gt;{$site_name}好友 &lt;/a&gt;.&#13;
&lt;/p&gt;&#13;
&lt;p&gt;&#13;
非常感谢，&lt;br /&gt;&#13;
系统管理员&lt;br /&gt;&#13;
&lt;a href="{$site_url}"&gt;{$site_name}&lt;/a&gt;&#13;
&lt;/p&gt;</value></key><key name="confirmed_mail_subject"><value>{$receiver} 确认你为好友</value></key><key name="confirmed_mail_txt"><value>{$sender}，你好！&#13;
&#13;
我们很高兴的通知你， {$receiver} 已经确认你为好友 {$site_name}.&#13;
&#13;
{$receiver}的个人介绍: {$receiver_url}&#13;
{$site_name}: {$site_url}&#13;
&#13;
非常感谢，&#13;
系统管理员&#13;
{$site_name}&#13;
{$site_url}</value></key><key name="console_requests_title"><value>好友请求</value></key><key name="console_request_item"><value>&lt;a target="_blank" href="{$userUrl}"&gt;{$displayName}&lt;/a&gt; 希望成为你的好友.</value></key><key name="email_notifications_setting_accept"><value>有人接受了我的好友请求</value></key><key name="email_notifications_setting_request"><value>有人请求加我为好友</value></key><key name="feedback_cancelled"><value>已取消</value></key><key name="feedback_request_accepted"><value>新好友已添加</value></key><key name="feedback_request_already_sent_error_message"><value>请求已经发送</value></key><key name="feedback_request_ignored"><value>请求已忽略</value></key><key name="feedback_request_was_sent"><value>好友请求已发出</value></key><key name="feed_content_label"><value>好友</value></key><key name="friendship_management_area"><value>管理你的好友</value></key><key name="friends_tab"><value>好友 {$count}</value></key><key name="friend_requests"><value>好友请求</value></key><key name="got_requests_tab"><value>接收邀请 {$count}</value></key><key name="ignore_request"><value>忽略</value></key><key name="like_activity_string"><value>赞 － {$user1} 和 {$user2} 现在是好友了</value></key><key name="my_friends_page_heading"><value>我的好友</value></key><key name="my_friends_page_title"><value>我的好友 - {$site_name}</value></key><key name="newsfeed_action_string"><value>和 &lt;a href="{$user_url}"&gt;{$name}&lt;/a&gt; 现在是好友了</value></key><key name="new_friend_added"><value>新好友已添加</value></key><key name="notification_section_label"><value>好友</value></key><key name="notify_accept"><value>{$receiver} 接收你为好友.</value></key><key name="notify_request"><value>{$sender} 想成为你的好友.</value></key><key name="notify_request_content"><value>&lt;p&gt;&#13;
&lt;a href="{$request_url}"&gt;点击此处&lt;/a&gt; 接收邀请.&#13;
&lt;/p&gt;</value></key><key name="notify_request_content_string"><value>&lt;p&gt;&#13;
&lt;a href="{$url}"&gt;点击此处&lt;/a&gt; 浏览所有请求&#13;
&lt;/p&gt;</value></key><key name="notify_request_string"><value>&lt;a href="{$userUrl}"&gt;{$displayName}&lt;/a&gt; 想成为你的好友.</value></key><key name="privacy_action_view_friends"><value>查看我的好友</value></key><key name="privacy_friends_only"><value>我的好友</value></key><key name="remove_from_friends"><value>取消好友</value></key><key name="remove_from_friendship_button"><value>取消好友</value></key><key name="request_friendship_button"><value>发送好友请求</value></key><key name="request_mail_html"><value></value></key><key name="request_mail_subject"><value>{$sender} 想与你交友，一起找乐吧</value></key><key name="request_mail_txt"><value></value></key><key name="sent_requests_tab"><value>发送请求 {$count}</value></key><key name="usercredits_action_add_friend"><value>发送好友请求</value></key><key name="user_friends_page_heading"><value>{$user}的好友</value></key><key name="user_friends_page_title"><value>{$user}的好友 - {$site_name}</value></key><key name="user_widget_empty"><value>目前还没有好友呀</value></key><key name="user_widget_settings_count"><value>数量</value></key><key name="user_widget_title"><value>好友</value></key><key name="view_profile"><value>查看</value></key><key name="widget_friends"><value>好友</value></key><key name="widget_got_requests"><value>已接收到的请求</value></key><key name="widget_sent_requests"><value>发送请求</value></key><key name="widget_title"><value>我的好友</value></key></prefix>
