<?xml version="1.0" encoding="utf-8"?>
<prefix name="zlbase" label="找乐基盘" language_tag="zh-cn" language_label="chinese"><key name="about_heading"><value>关于我们</value></key><key name="about_title"><value>关于我们</value></key><key name="admin_base_heading"><value>找乐基盘配置</value></key><key name="admin_base_title"><value>找乐基盘配置</value></key><key name="agreement_heading"><value>用户协议</value></key><key name="agreement_title"><value>用户协议</value></key><key name="bottom_menu_item_about"><value>关于我们</value></key><key name="bottom_menu_item_agreement"><value>用户协议</value></key><key name="bottom_menu_item_duty"><value>免责声明</value></key><key name="duty_heading"><value>免责声明</value></key><key name="duty_title"><value>免责声明</value></key></prefix>
