<?xml version="1.0" encoding="utf-8"?>
<prefix name="birthdays" label="Birthdays" language_tag="zh-cn" language_label="chinese"><key name="birthday"><value>生日:</value></key><key name="console_notification_comment"><value>&lt;a href="{$userUrl}"&gt;{$userName}&lt;/a&gt; 对你生日进行了评价.</value></key><key name="console_notification_like"><value>&lt;a href="{$userUrl}"&gt;{$userName}&lt;/a&gt; 赞你的生日.</value></key><key name="dashboard_widget_title"><value>我的好友生日</value></key><key name="email_notifications_section_label"><value>生日</value></key><key name="email_notifications_setting_status_comment"><value>有人评论了你生日</value></key><key name="email_notifications_setting_status_like"><value>有人赞你的状态</value></key><key name="email_notification_comment"><value>{$user} 评价了你的生日:</value></key><key name="email_notification_like"><value>{$user} 赞这是你的朋友</value></key><key name="feed_activity_birthday_string"><value>对 {$user} 的生日进行了评价</value></key><key name="feed_activity_birthday_string_like"><value>赞了 {$user} 的生日</value></key><key name="feed_activity_birthday_string_like_own"><value>{$user} 赞了他们的生日</value></key><key name="feed_activity_self_birthday_string"><value>已对他们的生日进行了评价.</value></key><key name="feed_content_label"><value>生日</value></key><key name="feed_item_line"><value>这是 {$user} 的生日!</value></key><key name="friends_widget_title"><value>即将发生的生日</value></key><key name="my_widget_title"><value>我的生日</value></key><key name="privacy_action_view_my_birthday"><value>浏览我的生日</value></key><key name="usercredits_action_birthday"><value>生日</value></key><key name="user_list_menu_item_birthdays"><value>生日</value></key><key name="user_list_menu_item_birthdays_this_week"><value>本周</value></key><key name="user_list_menu_item_birthdays_today"><value>今天</value></key><key name="user_list_menu_item_birthdays_upcoming"><value>即将发生</value></key><key name="widget_setting_count_label"><value>数</value></key><key name="widget_setting_show_label"><value>浏览生日</value></key><key name="widget_setting_value_this_week"><value>今天和本周</value></key><key name="widget_setting_value_today"><value>仅仅今天</value></key><key name="widget_title"><value>生日</value></key></prefix>
