<?xml version="1.0" encoding="utf-8"?>
<prefix name="fbconnect" label="Facebook Connect" language_tag="zh-cn" language_label="chinese"><key name="access_settings_api_key_label"><value>API key</value></key><key name="access_settings_api_secret_label"><value>App Secret</value></key><key name="access_settings_app_id_label"><value>App ID</value></key><key name="additional_settings_synchronize"><value>Allow synchronization for non-Facebook profiles</value></key><key name="additional_settings_synchronize_desc"><value>All users can synchronize with their Facebook accounts</value></key><key name="additional_settings_title"><value>Additional Settings</value></key><key name="admin_configuration_required_notification"><value>&lt;a href="{$href}"&gt;Facebook Connect&lt;/a&gt; requires configuration</value></key><key name="admin_sidebar_menu_label"><value>Facebook Connect</value></key><key name="application_configuration_title"><value>Manage your Facebook Application</value></key><key name="app_edit_desc"><value>Customize your Facebook App’s URLs, icon, name, and more</value></key><key name="app_edit_title"><value>Edit your Facebook Application</value></key><key name="app_register_title"><value>Set up Facebook Connect</value></key><key name="app_remove_app_desc"><value>Start configuration from scratch</value></key><key name="app_remove_app_title"><value>Remove Facebook Application</value></key><key name="app_reset_desc"><value>Return your Application’s settings to default</value></key><key name="app_reset_failed_msg"><value>Application reset failed. Please try again.</value></key><key name="app_reset_success_msg"><value>Your Application has been reset.</value></key><key name="app_reset_title"><value>Repair Facebook Application</value></key><key name="configuration_fields_fbfields_label"><value>Facebook profile info</value></key><key name="configuration_fields_legend"><value>When users sign in using Facebook Connect their profile information is pulled out of Facebook. Later they can also sync their profiles. Here you need to set what info you want to sync. This works for text info only.</value></key><key name="configuration_fields_questions_label"><value>Profile questions</value></key><key name="configuration_fields_suggest"><value>Don't forget to review these settings whenever you change &lt;a href="{$questionsUrl}"&gt;profile questions&lt;/a&gt;.</value></key><key name="configuration_settings_saved"><value>Settings Updated</value></key><key name="connect_btn_label"><value>Connect</value></key><key name="connect_mobile_btn_label"><value>Log in with Facebook</value></key><key name="feed_user_join"><value>joined our site using their Facebook account!</value></key><key name="heading_configuration"><value>Facebook Connect</value></key><key name="join_activity_string"><value>&lt;a href="{$userUrl}"&gt;{$user}&lt;/a&gt; joined our site using their Facebook account!</value></key><key name="join_dublicate_email_msg"><value>Sorry, looks like this email is already used</value></key><key name="join_incomplete"><value>Seems there are some problems with connection to Facebook. Please, try again later.</value></key><key name="join_incorrect_username"><value>Sorry, can't sign you in because your Facebook name contains non-latin characters ( for example $, %, ^, &amp;, *, é, ŋ )</value></key><key name="join_success_msg"><value>You have successfully logged in with your Facebook account</value></key><key name="login_success_msg"><value>You have successfully logged in with your Facebook account</value></key><key name="menu_item_configuration_fields"><value>Profile Questions Synchronization</value></key><key name="menu_item_configuration_settings"><value>Settings</value></key><key name="register_app_desc"><value>&lt;p&gt;&#13;
Follow these 2 simple steps to enable Facebook Connect on your site:&#13;
&lt;/p&gt;&#13;
&lt;ul class="ow_regular ow_stdmargin"&gt;&#13;
&lt;li&gt;&#13;
&lt;b&gt;&lt;a href="http://www.facebook.com/developers/createapp.php" target="_blank"&gt;Create application&lt;/a&gt;&lt;/b&gt; and set a name for it. It should be your social network name so users remember that they signed up.&#13;
&lt;/li&gt;&#13;
&lt;li&gt;You will be given &lt;b&gt;App ID&lt;/b&gt; and &lt;b&gt;App Secret&lt;/b&gt;. Copy them to the form below and you are all set!&#13;
&lt;/li&gt;&#13;
&lt;/ul&gt;&#13;
After that Facebook Connect will be ready to use!</value></key><key name="register_app_failed"><value>Application setup failed. Please check your App ID and Application Secret.</value></key><key name="register_app_success"><value>Facebook Connect has been successfully configured. Enjoy!</value></key><key name="save_btn_label"><value>Save</value></key><key name="synchronize_btn_label"><value>Synchronize</value></key><key name="synchronize_success_msg"><value>You have successfully synchronized your profile with Facebook</value></key></prefix>
