<?xml version="1.0" encoding="utf-8"?>
<prefix name="contactus" label="Contact Us" language_tag="zh-cn" language_label="chinese"><key name="admin_dept_heading"><value></value></key><key name="admin_dept_title"><value></value></key><key name="after_install_notification"><value></value></key><key name="bottom_menu_item"><value>联系我们</value></key><key name="dept_2"><value></value></key><key name="form_add_dept_submit"><value></value></key><key name="form_label_captcha"><value></value></key><key name="form_label_from"><value></value></key><key name="form_label_message"><value></value></key><key name="form_label_subject"><value></value></key><key name="form_label_submit"><value></value></key><key name="form_label_to"><value></value></key><key name="index_page_heading"><value></value></key><key name="index_page_title"><value></value></key><key name="label_invitation_email"><value></value></key><key name="label_invitation_label"><value></value></key><key name="message_sent"><value></value></key><key name="no_department"><value></value></key></prefix>
