<?xml version="1.0" encoding="utf-8"?>
<prefix name="blogs" label="Blogs" language_tag="zh-cn" language_label="chinese"><key name="activity_string"><value>&lt;a href="{$userUrl}"&gt;{$user}&lt;/a&gt; posted new blog post: &lt;a href="{$url}"&gt;{$title}&lt;/a&gt;</value></key><key name="added"><value>发布于</value></key><key name="add_new"><value>写新文章</value></key><key name="add_new_link"><value>Blog post</value></key><key name="admin_blogs_settings_heading"><value>博客插件设置</value></key><key name="admin_settings_results_per_page"><value>Posts on page</value></key><key name="authorization_failed_view_blog"><value>Sorry, you are not allowed to read blogs</value></key><key name="auth_action_label_add"><value>Add blog posts</value></key><key name="auth_action_label_add_comment"><value>Comment blogs</value></key><key name="auth_action_label_delete_comment_by_content_owner"><value>The content owner can delete comments</value></key><key name="auth_action_label_view"><value>浏览博客文章</value></key><key name="auth_group_label"><value>博客</value></key><key name="blog"><value>Blog</value></key><key name="blog_archive_lbl_archives"><value>博文</value></key><key name="blog_index"><value>博客首页</value></key><key name="blog_manage_delete"><value>删除</value></key><key name="blog_post_description"><value>{$post_body} 标签: {$tags}.</value></key><key name="blog_post_title"><value>{$post_title} - 由 {$display_name} 发布在 {$site_name}</value></key><key name="blog_widget_preview_length_lbl"><value>Preview Length</value></key><key name="browse_by_tag_description"><value>按标签浏览博客: {$tags} 和其他</value></key><key name="browse_by_tag_item_description"><value>浏览`{$tag}`标签下的博客</value></key><key name="browse_by_tag_item_title"><value>`{$tag}` 相关博客文章 - {$site_name}</value></key><key name="browse_by_tag_title"><value>按标签浏览博客 - {$site_name}</value></key><key name="by"><value>作者</value></key><key name="change_status_draft"><value>切换成草稿状态</value></key><key name="cmp_widget_post_count"><value>文章显示数量</value></key><key name="comments"><value>评论:</value></key><key name="comment_activity_string"><value>&lt;a href="{$actorUrl}"&gt;{$actor}&lt;/a&gt; 评论了&lt;a href="{$ownerUrl}"&gt;{$owner}&lt;/a&gt;的文章: &lt;a href="{$url}"&gt;{$title}&lt;/a&gt;</value></key><key name="comment_notification_string"><value>&lt;a href="{$actorUrl}"&gt;{$actor}&lt;/a&gt;评论了你的文章: &lt;a href="{$url}"&gt;"{$title}"&lt;/a&gt;</value></key><key name="confirm_delete_photos"><value>你确定要移除所有的用户图片?</value></key><key name="create_draft_success_msg"><value>文章已保存为草稿</value></key><key name="create_success_msg"><value>文章发布成功</value></key><key name="delete_content"><value>删除内容并卸载插件</value></key><key name="delete_content_desc"><value>Before uninstalling blogs plugin we have to remove all existing user content. This may take awhile. That is why we will put the site to "maintenance mode" and activate it back upon completing the uninstall.</value></key><key name="delete_content_warning"><value>警告</value></key><key name="edit_draft_success_msg"><value>修改已保存，文章已保存为草稿</value></key><key name="edit_success_msg"><value>修改已保存</value></key><key name="email_notifications_setting_comment"><value>有人评论了我的文章</value></key><key name="feed_activity_owner_post_string"><value>评论了博客文章</value></key><key name="feed_activity_owner_post_string_like"><value>咱俩这篇博客</value></key><key name="feed_activity_post_string"><value>评论了{$user}的博客文章</value></key><key name="feed_activity_post_string_like"><value>赞了{$user}的博客</value></key><key name="feed_content_label"><value>博客</value></key><key name="flags"><value>博客</value></key><key name="go_to_blog"><value>进入博客页面</value></key><key name="index_widget_empty"><value>没有博客</value></key><key name="last_saved"><value>最新保存</value></key><key name="latest_description"><value>最新发布的会员博客 {$site_name}.</value></key><key name="latest_post"><value>最新文章</value></key><key name="latest_title"><value>博客 - {$site_name}</value></key><key name="list_page_heading"><value>博客</value></key><key name="main_menu_item"><value>博客</value></key><key name="management_page_heading"><value>管理我的博客</value></key><key name="manage_page_comment_deleted_msg"><value>已删除的评论</value></key><key name="manage_page_last_updated"><value>最近更新</value></key><key name="manage_page_menu_comments"><value>收到的评论</value></key><key name="manage_page_menu_drafts"><value>草稿</value></key><key name="manage_page_menu_published"><value>已发布文章</value></key><key name="manage_page_post_title"><value>文章标题</value></key><key name="manage_page_status"><value>状态</value></key><key name="menuItemBrowseByTag"><value>通过标签浏览</value></key><key name="menuItemLatest"><value>最新</value></key><key name="menuItemMostDiscussed"><value>最热</value></key><key name="menuItemTopRated"><value>排行</value></key><key name="meta_description_new_blog_post"><value>在你的博客中写一篇新文章</value></key><key name="meta_title_new_blog_post"><value>新博客文章 - {$site_name}</value></key><key name="more"><value>更多</value></key><key name="most_discussed_description"><value>最热评论博客 {$site_name}.</value></key><key name="most_discussed_title"><value>最热评论博客 - {$site_name}</value></key><key name="my_blog"><value>我的博客</value></key><key name="my_drafts"><value>我的草稿</value></key><key name="new_post"><value>新博客文章</value></key><key name="next_post"><value>下一篇文章</value></key><key name="notification_section_label"><value>博客</value></key><key name="not_yet"><value>还没有添加</value></key><key name="no_posts"><value>没有博客</value></key><key name="on"><value>on</value></key><key name="page_title_uninstall"><value>卸载博客插件</value></key><key name="plugin_set_for_uninstall"><value>博客插件卸载启动</value></key><key name="post_title"><value>文章</value></key><key name="prev_post"><value>早前的博客</value></key><key name="privacy_action_comment_blog_posts"><value>评论我的博客</value></key><key name="privacy_action_view_blog_posts"><value>浏览我的博客</value></key><key name="rate"><value>评分：</value></key><key name="read_more"><value>阅读更多</value></key><key name="results_by_tag"><value>标签搜索结果: "&lt;b&gt;{$tag}&lt;/b&gt;"</value></key><key name="sava_draft"><value>保存为草稿</value></key><key name="save_btn_label"><value>保存</value></key><key name="save_form_lbl_post"><value>文章内容：</value></key><key name="save_form_lbl_title"><value>文章标题：</value></key><key name="save_page_heading"><value>建立新博文</value></key><key name="save_publish"><value>发布</value></key><key name="settings"><value>设置</value></key><key name="status"><value>状态</value></key><key name="status_draft"><value>草稿</value></key><key name="status_published"><value>已发布</value></key><key name="tags"><value>标签:</value></key><key name="tags_field_label"><value>标签:</value></key><key name="this_post"><value>这篇文章</value></key><key name="toolbar_comments"><value>评论</value></key><key name="toolbar_delete"><value>删除</value></key><key name="toolbar_edit"><value>编辑</value></key><key name="top_rated_description"><value>{$site_name}用户高分博客</value></key><key name="top_rated_title"><value>高分博客 - {$site_name}</value></key><key name="uninstall_inprogress"><value>操作中……</value></key><key name="uninstall_inprogress_desc"><value>请稍候，所有照片的内容已经被删除。这将需要一段时间，这取决于你的博客的照片数量。</value></key><key name="update"><value>升级</value></key><key name="usercredits_action_add_blog"><value>写博客</value></key><key name="usercredits_action_add_comment"><value>评论博客</value></key><key name="user_blog_archive_description"><value>{$display_name}的博客文章提交于 {$month_name}, {$year}.</value></key><key name="user_blog_archive_title"><value>{$display_name}在{$month_name}发布的博客汇总</value></key><key name="user_blog_description"><value>{$display_name}发布的最新博客</value></key><key name="user_blog_page_heading"><value>{$name}的博客</value></key><key name="user_blog_title"><value>{$display_name}的博客 - {$site_name}</value></key><key name="user_blog_widget_drafts"><value>草稿</value></key><key name="user_blog_widget_published_incoming_comments"><value>收到的评论</value></key><key name="user_blog_widget_published_posts"><value>发布文章</value></key><key name="view_all"><value>浏览全部</value></key><key name="view_page_heading"><value>{$postTitle} &lt;span class="ow_small"&gt;来自于 &lt;a href="{$url}"&gt;{$name}的博客&lt;/a&gt;&lt;/span&gt;</value></key></prefix>
