<?xml version="1.0" encoding="utf-8"?>
<prefix name="contactus" label="Contact Us" language_tag="zh-cn" language_label="chinese"><key name="admin_dept_heading"/><key name="admin_dept_title"/><key name="after_install_notification"/><key name="bottom_menu_item"><value>联系我们</value></key><key name="dept_2"/><key name="form_add_dept_submit"/><key name="form_label_captcha"/><key name="form_label_from"/><key name="form_label_message"/><key name="form_label_subject"/><key name="form_label_submit"/><key name="form_label_to"/><key name="index_page_heading"/><key name="index_page_title"/><key name="label_invitation_email"/><key name="label_invitation_label"/><key name="message_sent"/><key name="no_department"/></prefix>
