<?xml version="1.0" encoding="utf-8"?>
<prefix name="contactimporter" label="Contact Importer" language_tag="zh-cn" language_label="chinese"><key name="admin_settings_updated"/><key name="email_field_inv_message"/><key name="email_invite_field_default_text"/><key name="email_invite_floatbox_title"/><key name="email_send_error_empty_email_list"/><key name="email_send_error_max_limit_message"/><key name="email_send_success"/><key name="facebook_after_invite_feedback"/><key name="facebook_app_id"/><key name="facebook_app_secret"/><key name="facebook_app_settings"/><key name="facebook_canvas_page_1"/><key name="facebook_canvas_page_2"/><key name="facebook_canvas_page_visit_btn"/><key name="facebook_canvas_page_x"/><key name="facebook_how_to_config"/><key name="facebook_inv_action"/><key name="facebook_inv_message"/><key name="facebook_inv_message_text"/><key name="facebook_inv_text"/><key name="feedback_invitation_sent"/><key name="google_client_id"/><key name="google_client_secret"/><key name="google_message_custom_inv"/><key name="google_send_success"/><key name="google_settings_heading"/><key name="google_site_id"/><key name="mail_email_invite_html"/><key name="mail_email_invite_msg_html"/><key name="mail_email_invite_msg_txt"/><key name="mail_email_invite_subject"/><key name="mail_email_invite_txt"/><key name="mail_google_invite_html"/><key name="mail_google_invite_msg_html"/><key name="mail_google_invite_msg_txt"/><key name="mail_google_invite_subject"/><key name="mail_google_invite_txt"/><key name="requires_configuration_message"><value>&lt;a href="{$settingsUrl}"&gt;Contact Importer&lt;/a&gt; 需要配置</value></key><key name="save_btn_label"/><key name="usercredits_action_import_friend"/><key name="widget_title"><value>邀请好友</value></key></prefix>
