<?xml version="1.0" encoding="utf-8"?>
<prefix name="event" label="Event" language_tag="zh-cn" language_label="chinese"><key name="accept_request"/><key name="add_event_meta_description"/><key name="add_form_date_desc"/><key name="add_form_date_label"/><key name="add_form_desc_desc"/><key name="add_form_desc_label"/><key name="add_form_empty_image_error_message"/><key name="add_form_end_date_desc"/><key name="add_form_end_date_label"/><key name="add_form_image_desc"/><key name="add_form_image_label"/><key name="add_form_invalid_end_date_error_message"/><key name="add_form_location_desc"/><key name="add_form_location_label"/><key name="add_form_submit_label"/><key name="add_form_success_message"/><key name="add_form_title_desc"/><key name="add_form_title_label"/><key name="add_form_who_can_invite_desc"/><key name="add_form_who_can_invite_label"/><key name="add_form_who_can_invite_option_creator"/><key name="add_form_who_can_invite_option_participants"/><key name="add_form_who_can_view_desc"/><key name="add_form_who_can_view_label"/><key name="add_form_who_can_view_option_anybody"/><key name="add_form_who_can_view_option_invit_only"/><key name="add_new_button_label"/><key name="add_new_link_label"/><key name="add_page_heading"/><key name="add_page_title"/><key name="all_day"><value>全天</value></key><key name="attend_maybe_btn_label"/><key name="attend_no_btn_label"/><key name="attend_yes_btn_label"/><key name="auth_action_label_add_comment"/><key name="auth_action_label_add_event"/><key name="auth_action_label_view_event"/><key name="auth_group_label"/><key name="avatar_user_list_bottom_link_label"/><key name="avatar_user_list_link_label_1"/><key name="avatar_user_list_link_label_2"/><key name="avatar_user_list_link_label_3"/><key name="cmp_widget_events_count"/><key name="common_list_type_invited_label"/><key name="common_list_type_joined_label"/><key name="common_list_type_latest_label"/><key name="common_list_type_past_label"/><key name="console_notification_label"/><key name="creator"/><key name="current_status_change_label"/><key name="dashboard_widget_menu_my_events_label"/><key name="dashboard_widget_menu_part_events_label"/><key name="delete_button_label"/><key name="delete_confirm_message"/><key name="delete_success_message"/><key name="edit_button_label"/><key name="edit_form_end_date_error_message"/><key name="edit_form_submit_label"/><key name="edit_form_success_message"/><key name="edit_page_heading"/><key name="edit_page_title"/><key name="email_notification_comment"/><key name="email_notification_comment_setting"/><key name="email_notification_invite"/><key name="event_created_by_me_page_heading"/><key name="event_created_by_me_page_title"/><key name="event_joined_by_me_page_heading"/><key name="event_joined_by_me_page_title"/><key name="event_view_page_heading"/><key name="event_view_permission_error_message"/><key name="feed_actiovity_attend_string"/><key name="feed_activity_comment_string"/><key name="feed_activity_event_string_like"/><key name="feed_activity_event_string_like_own"/><key name="feed_activity_joined"/><key name="feed_activity_own_comment_string"/><key name="feed_activity_users"/><key name="feed_add_item_label"/><key name="feed_content_label"/><key name="feed_user_join_string"/><key name="friends_invite_button_label"/><key name="ignore_request"/><key name="invitation_join_string_1"/><key name="invitation_join_string_2"/><key name="invitation_join_string_many"/><key name="invited_events_page_heading"/><key name="invited_events_page_title"/><key name="invite_btn_label"/><key name="latest_events_page_desc"/><key name="latest_events_page_heading"/><key name="latest_events_page_title"/><key name="main_menu_item"/><key name="my_events_widget_block_cap_label"/><key name="notifications_new_message"/><key name="notifications_section_label"/><key name="no_events_label"/><key name="no_index_events_label"/><key name="past_events_page_desc"/><key name="past_events_page_heading"/><key name="past_events_page_title"/><key name="privacy_action_view_attend_events"/><key name="private_event_text"/><key name="private_page_heading"/><key name="private_page_title"/><key name="profile_events_widget_block_cap_label"/><key name="time_field_invitation_label"/><key name="up_events_widget_block_cap_label"/><key name="usercredits_action_add_comment"/><key name="usercredits_action_add_event"/><key name="users_invite_success_message"/><key name="user_list_page_desc_1"/><key name="user_list_page_desc_2"/><key name="user_list_page_desc_3"/><key name="user_list_page_heading_1"/><key name="user_list_page_heading_2"/><key name="user_list_page_heading_3"/><key name="user_participated_events_page_desc"/><key name="user_participated_events_page_heading"/><key name="user_participated_events_page_title"/><key name="user_status_author_cant_leave_error"/><key name="user_status_label_1"/><key name="user_status_label_2"/><key name="user_status_label_3"/><key name="user_status_not_changed_error"/><key name="user_status_updated"/><key name="view_all_label"/><key name="view_page_created_label"/><key name="view_page_date_label"/><key name="view_page_desc_label"/><key name="view_page_details_block_cap_label"/><key name="view_page_end_date_label"/><key name="view_page_image_block_cap_label"/><key name="view_page_location_label"/><key name="view_page_users_block_cap_label"/></prefix>
