<?xml version="1.0" encoding="utf-8"?>
<prefix name="groups" label="Groups" language_tag="zh-cn" language_label="chinese"><key name="activity_add_string"><value>&lt;a href="{$userUrl}"&gt;{$user}&lt;/a&gt; created new group: &lt;a href="{$groupUrl}"&gt;{$groupTitle}&lt;/a&gt;</value></key><key name="activity_join_string"><value>&lt;a href="{$userUrl}"&gt;{$user}&lt;/a&gt; just joined &lt;a href="{$groupUrl}"&gt;{$groupTitle}&lt;/a&gt; group</value></key><key name="additional_features"><value>Additional features</value></key><key name="add_new"><value>创建群组</value></key><key name="add_new_label"><value>乐群</value></key><key name="admin_sidebar_menu_label"><value>Groups</value></key><key name="auth_action_label_add_comment"><value>Write on comment wall</value></key><key name="auth_action_label_add_topic"><value>创建/编辑 主题</value></key><key name="auth_action_label_create"><value>创建群组</value></key><key name="auth_action_label_delete_comment_by_content_owner"><value>The author can delete wall comments</value></key><key name="auth_action_label_view"><value>View groups</value></key><key name="auth_action_label_wall_post"><value>Allow group wall posts</value></key><key name="auth_group_label"><value>Groups</value></key><key name="comment_activity_string"><value>评论了这个群组</value></key><key name="confirm_delete_groups"><value>Are you sure you want to remove ALL groups?</value></key><key name="console_notification_label"><value>群组邀请</value></key><key name="create_field_description_label"><value>描述</value></key><key name="create_field_image_label"><value>图片</value></key><key name="create_field_title_label"><value>标题</value></key><key name="create_heading"><value>创建群组</value></key><key name="create_new_topic"><value>发布论坛新主题- {$group}</value></key><key name="create_no_permission"><value>你没有权限创建群组</value></key><key name="create_page_description"><value>Create a new group for any topic within {$site_name}.</value></key><key name="create_page_title"><value>创建新组 - {$site_name}</value></key><key name="create_submit_btn_label"><value>创建</value></key><key name="create_success_msg"><value>群组创建完成</value></key><key name="creator"><value>creator</value></key><key name="delete_complete_msg"><value>Group deleted</value></key><key name="delete_confirm_msg"><value>Are you sure you want to delete this group? This will remove all its content, too.</value></key><key name="delete_content"><value>Delete content and uninstall plugin</value></key><key name="delete_content_desc"><value>Before uninstalling groups plugin we have to remove all existing groups. This may take awhile. That is why we will put the site to "maintenance mode" and activate it back upon completing the uninstall.</value></key><key name="delete_content_warning"><value>Warning</value></key><key name="delete_feed_item_confirmation"><value>Are you sure?</value></key><key name="delete_feed_item_label"><value>删除主题</value></key><key name="delete_group_label"><value>Delete</value></key><key name="delete_group_user_confirmation"><value>Are you sure you want to delete the user from this group</value></key><key name="delete_group_user_label"><value>Delete user</value></key><key name="delete_user_success_message"><value>User has been deleted</value></key><key name="edit_back_label"><value>Back to group</value></key><key name="edit_btn_label"><value>Edit</value></key><key name="edit_submit_btn_label"><value>保存</value></key><key name="edit_success_msg"><value>修改已保存</value></key><key name="email_notification_comment"><value>&lt;a href="{$userUrl}"&gt;{$userName}&lt;/a&gt; added a wall comment in &lt;a href="{$url}"&gt;{$title}&lt;/a&gt; group</value></key><key name="email_notification_comment_setting"><value>Someone posts a wall comment in a group I participate in</value></key><key name="email_notification_invite"><value>&lt;a href="{$inviterUrl}"&gt;{$inviterName}&lt;/a&gt; invited you to the group "&lt;a href="{$groupUrl}"&gt;{$groupName}&lt;/a&gt;"</value></key><key name="email_notification_section_label"><value>Groups</value></key><key name="errors_image_invalid"><value>无效图片格式。仅支持 jpg/jpeg/png/gif 格式.</value></key><key name="errors_image_upload"><value>File upload failed</value></key><key name="error_forum_disconnected"><value>Attention: Forum is required for Groups. Go to &lt;a href="{$url}"&gt;plugin list&lt;/a&gt; to activate it</value></key><key name="feed_activity_joined"><value>{$user} just joined</value></key><key name="feed_activity_users"><value>会员总数: &lt;span class="ow_txt_value"&gt;{$usersCount}&lt;/span&gt;</value></key><key name="feed_content_label"><value>Groups</value></key><key name="feed_create_string"><value>创建新组</value></key><key name="feed_follow_complete_msg"><value>You are now following {$groupTitle}</value></key><key name="feed_group_follow"><value>Follow</value></key><key name="feed_group_unfollow"><value>Unfollow</value></key><key name="feed_join_string"><value>刚刚加入了小组~</value></key><key name="feed_unfollow_complete_msg"><value>You are no longer following {$groupTitle}</value></key><key name="flags"><value>Groups</value></key><key name="form_who_can_invite_creator"><value>Group creator only</value></key><key name="form_who_can_invite_label"><value>谁可以邀请</value></key><key name="form_who_can_invite_participants"><value>参与者</value></key><key name="form_who_can_view_anybody"><value>所有人</value></key><key name="form_who_can_view_invite"><value>仅限被邀请人</value></key><key name="form_who_can_view_label"><value>谁可以查看</value></key><key name="forum_connected"><value>Forum has been connected to Groups plugin</value></key><key name="general_settings"><value>常规设置</value></key><key name="groups_widget_empty"><value>No groups</value></key><key name="group_already_exists"><value>The group with this name already exists</value></key><key name="group_list_heading"><value>群组</value></key><key name="group_list_menu_item_invite"><value>邀请</value></key><key name="group_list_menu_item_latest"><value>最新</value></key><key name="group_list_menu_item_my"><value>我的群组</value></key><key name="group_list_menu_item_popular"><value>最热门</value></key><key name="group_owner_delete_error"><value>You can't delete the owner of this group</value></key><key name="invitation_join_string_1"><value>{$user1} invites you to {$group} group.</value></key><key name="invitation_join_string_2"><value>{$user1} and {$user2} invite you to {$group}</value></key><key name="invitation_join_string_many"><value>{$user1} and {$user2} and {$otherUsers} invite you to {$group}</value></key><key name="invitation_join_string_other_users"><value>other users</value></key><key name="invite_accept_label"><value>Accept</value></key><key name="invite_btn_label"><value>Invite</value></key><key name="invite_declined_message"><value>The invite was declined</value></key><key name="invite_decline_label"><value>Ignore</value></key><key name="invite_fb_title"><value>邀请我的好友</value></key><key name="invite_list_heading"><value>群组邀请</value></key><key name="invite_list_page_title"><value>群组邀请 - {$site_name}</value></key><key name="join_complete_message"><value>You've successfully joined this group</value></key><key name="latest_list_page_description"><value>Most recently created user groups at {$site_name}.</value></key><key name="latest_list_page_title"><value>Latest groups at {$site_name}</value></key><key name="leave_complete_message"><value>You've left this group</value></key><key name="listing_no_items_msg"><value>No groups available</value></key><key name="listing_users_label"><value>&lt;span class="ow_txt_value"&gt;{$count}&lt;/span&gt; 个会员</value></key><key name="main_menu_list"><value>群组</value></key><key name="my_groups"><value>我的群组</value></key><key name="my_list_page_title"><value>我的群组 {$site_name}</value></key><key name="notifications_new_message"><value>Someone invites me to a group</value></key><key name="page_title_uninstall"><value>Uninstall groups plugin</value></key><key name="plugin_set_for_uninstall"><value>Forum plugin uninstall initiated.</value></key><key name="popular_list_page_description"><value>{$site_name}最热门的群组</value></key><key name="popular_list_page_title"><value>{$site_name}全站最热门的群组</value></key><key name="post_reply_permission_error"><value>只有群组会员才能发布</value></key><key name="privacy_action_view_my_groups"><value>浏览我的群组</value></key><key name="private_group_text"><value>非常抱歉，这是个私密群组。</value></key><key name="private_page_heading"><value>私密群组</value></key><key name="private_page_title"><value>私密群组</value></key><key name="topic_page_heading"><value>{$topic} - {$group}</value></key><key name="uninstall_inprogress"><value>In progress</value></key><key name="uninstall_inprogress_desc"><value>请稍等，所有群组内容正在被删除。等待时间由群组的数量决定。</value></key><key name="usercredits_action_add_comment"><value>群组评论墙</value></key><key name="usercredits_action_add_group"><value>创建群组</value></key><key name="usercredits_action_add_post"><value>发布群组话题</value></key><key name="users_invite_success_message"><value>{$count} 个用户被邀请</value></key><key name="user_groups_page_description"><value>{$site_name}上的用户群组</value></key><key name="user_groups_page_title"><value>{$site_name}上面的群组</value></key><key name="user_groups_widget_empty"><value>没有群组</value></key><key name="user_group_list_heading"><value>{$userName}的群组</value></key><key name="user_join_activity_string"><value>加入了群组</value></key><key name="user_list_widget_empty"><value>Oops, no profiles</value></key><key name="view_all_topics"><value>« 返回群组话题列表</value></key><key name="view_no_permission"><value>禁止浏览群</value></key><key name="view_page_description"><value>{$description}</value></key><key name="view_page_title"><value>{$group_name} - {$site_name}上的群组</value></key><key name="wall_widget_label"><value>评论墙</value></key><key name="widgets_panel_heading"><value>Groups Configuration</value></key><key name="widget_brief_info_admin"><value>组长: &lt;a href="{$url}"&gt;{$name}&lt;/a&gt;</value></key><key name="widget_brief_info_create_date"><value>创建于: {$date}</value></key><key name="widget_brief_info_label"><value>群组介绍</value></key><key name="widget_groups_count_setting"><value>统计</value></key><key name="widget_groups_show_titles_setting"><value>显示群组名称</value></key><key name="widget_groups_title"><value>群组</value></key><key name="widget_invite_button_title"><value>邀请</value></key><key name="widget_join_button"><value>加入</value></key><key name="widget_join_button_title"><value>加群按钮</value></key><key name="widget_leave_button"><value>退出群组</value></key><key name="widget_leave_button_title"><value>退群按钮</value></key><key name="widget_users_settings_count"><value>统计</value></key><key name="widget_users_title"><value>用户</value></key><key name="widget_users_view_all"><value>浏览全部</value></key><key name="widget_user_groups_settings_count"><value>显示的群组数量</value></key><key name="widget_user_groups_title"><value>群组</value></key><key name="widget_user_groups_view_all"><value>浏览全部</value></key></prefix>
