<?xml version="1.0" encoding="utf-8"?>
<prefix name="locationtag" label="Newsfeed Location Tag" language_tag="zh-cn" language_label="chinese"><key name="address"/><key name="admin_page_heading"/><key name="api_key"/><key name="api_key_description"/><key name="api_key_too_long"/><key name="general_settings"/><key name="googlemap_location_search_invitation"/><key name="google_maps_settings"/><key name="kms_from"/><key name="map_page_heading"/><key name="miles_from"/><key name="settings_updated"/><key name="users_map_menu_item"/></prefix>
