<?xml version="1.0" encoding="utf-8"?>
<prefix name="nav" label="Navigation" language_tag="zh-cn" language_label="chinese"><key name="menu_item_main_forum"><value>Forum</value></key><key name="menu_item_main_photo_list"><value>图片</value></key><key name="page_custom_title"><value>{$title}</value></key><key name="page_default_description"><value>{$site_name} community</value></key><key name="page_default_heading"><value>{$site_name}</value></key><key name="page_default_keywords"><value>社交系统,交友社区,开源社交软件,php社交软件,OXWALL,OXWALL中文,oxwall汉化</value></key><key name="page_default_title"><value>{$site_name} - 开源SNS社交系统</value></key></prefix>
