<?xml version="1.0" encoding="utf-8"?>
<prefix name="photo" label="Photo" language_tag="zh-cn" language_label="chinese"><key name="accepted_filesize"><value>Maximum file size</value></key><key name="accepted_filesize_desc"><value>The photo cannot be uploaded if the size limit is exceeded. The possible limit is &lt;b&gt;&lt;i&gt;0.5&lt;/i&gt;&lt;/b&gt; Mb</value></key><key name="activity_string"><value>&lt;a href="{$userUrl}"&gt;{$user}&lt;/a&gt; uploaded new &lt;a href="{$url}"&gt;photo&lt;/a&gt;.</value></key><key name="activity_string_multiple"><value>&lt;a href="{$userUrl}"&gt;{$user}&lt;/a&gt; added {$count} photos to &lt;a href="{$albumUrl}"&gt;{$albumName}&lt;/a&gt; album</value></key><key name="add_new"><value>添加新的</value></key><key name="admin_config"><value>Photo - Plugin Settings</value></key><key name="admin_menu_general"><value>常规</value></key><key name="admin_menu_view"><value>View settings</value></key><key name="album"><value>相册</value></key><key name="album_deleted"><value>Album deleted</value></key><key name="album_delete_not_allowed"><value>You are not allowed to delete photo albums</value></key><key name="album_desc"><value>描述(可选)</value></key><key name="album_my_photos"><value>我的照片</value></key><key name="album_name"><value>相册名</value></key><key name="album_quota"><value>Maximum number of photos per album</value></key><key name="album_quota_desc"><value>Keep this number reasonably big</value></key><key name="album_quota_exceeded"><value>You have exceeded the limit of {$limit} photos in album</value></key><key name="album_updated"><value>updated</value></key><key name="are_you_sure"><value>Are you sure?</value></key><key name="auth_action_label_add_comment"><value>评论图片</value></key><key name="auth_action_label_upload"><value>上传照片</value></key><key name="auth_action_label_view"><value>查看图片</value></key><key name="auth_edit_permissions"><value>You cannot edit the photo content due to limited permissions</value></key><key name="auth_group_label"><value>图片</value></key><key name="auth_upload_permissions"><value>您不被允许上传图片</value></key><key name="auth_view_permissions"><value>You cannot view the page content due to limited permissions</value></key><key name="btn_edit"><value>保存</value></key><key name="btn_upload"><value>Upload</value></key><key name="check_all"><value>Check all</value></key><key name="choose_album"><value>选择相册</value></key><key name="choose_existing_or_create"><value>Choose existing Album or create new one</value></key><key name="close_alert"><value>你确定要取消上传?</value></key><key name="cmp_widget_photo_albums_count"><value>相册图片数</value></key><key name="cmp_widget_photo_albums_show_titles"><value>显示相册标题</value></key><key name="cmp_widget_photo_count"><value>Number of photos to show</value></key><key name="comments_count"><value>评论</value></key><key name="comment_activity_string"><value>&lt;a href="{$commentorUrl}"&gt;{$commentor}&lt;/a&gt; 评论了 &lt;a href="{$ownerUrl}"&gt;{$owner}&lt;/a&gt;的 &lt;a href="{$url}"&gt;图片&lt;/a&gt;</value></key><key name="comment_count"><value></value></key><key name="confirm_delete"><value>你确定要删除图片?</value></key><key name="confirm_delete_photos"><value>你确定想移除图片?</value></key><key name="cover_original"><value>Original cover</value></key><key name="cover_preview"><value>Preview cover</value></key><key name="create_album"><value>创建新相册</value></key><key name="crop_photo_title"><value>Crop album cover</value></key><key name="delete_album"><value>删除相册</value></key><key name="delete_content"><value>Delete content and uninstall plugin</value></key><key name="delete_content_desc"><value>Before uninstalling photo plugin we have to remove all existing user photo content. This may take awhile. That is why we will put the site to "maintenance mode" and activate it back upon completing the uninstall.</value></key><key name="delete_content_warning"><value>Warning</value></key><key name="delete_photo"><value>Delete</value></key><key name="delete_selected"><value>Delete Selected</value></key><key name="describe_photo"><value>描述...</value></key><key name="dnd_not_support"><value>点击浏览图片</value></key><key name="dnd_support"><value>Drag &amp; Drop photos here or click to browse</value></key><key name="done"><value>Done</value></key><key name="download_accept_label"><value>Allow users download photos</value></key><key name="download_photo"><value>Download</value></key><key name="drop_here"><value>Drop photos to start upload</value></key><key name="edit_album"><value>编辑相册</value></key><key name="edit_cover_label"><value>Edit Cover</value></key><key name="effects"><value>Effects</value></key><key name="effect_fade"><value>fade</value></key><key name="effect_slide"><value>slide</value></key><key name="email_notifications_comment"><value>&lt;a href="{$userUrl}"&gt;{$userName}&lt;/a&gt; 评论了你的&lt;a href="{$photoUrl}"&gt;图片&lt;/a&gt;.</value></key><key name="email_notifications_section_label"><value>图片</value></key><key name="email_notifications_setting_comment"><value>Someone comments on my photo</value></key><key name="enable_advanced_upload"><value>Enable advanced upload</value></key><key name="error_cant_write"><value>Failed to write file to disk</value></key><key name="error_extension"><value>A PHP extension stopped the file upload. PHP does not provide a way to ascertain which extension caused the file upload to stop; examining the list of loaded extensions with phpinfo() may help</value></key><key name="error_form_size"><value>The uploaded file exceeds the MAX_FILE_SIZE directive that was specified in the HTML form</value></key><key name="error_ini_size"><value>The uploaded file exceeds the upload_max_filesize directive in php.ini</value></key><key name="error_no_file"><value>No file was uploaded</value></key><key name="error_no_tmp_dir"><value>Missing a temporary folder</value></key><key name="error_partial"><value>The uploaded file was only partially uploaded</value></key><key name="feed_activity_owner_photo_like"><value>赞了这张图片</value></key><key name="feed_activity_owner_photo_string"><value>评论了图片</value></key><key name="feed_activity_photo_string"><value>评论了{$user}的图片</value></key><key name="feed_activity_photo_string_like"><value>赞了{$user}的图片</value></key><key name="feed_content_label"><value>图片</value></key><key name="feed_more_items"><value>and {$moreCount} more</value></key><key name="feed_move_photo_descriptions"><value>上传&lt;a href="{$albumUrl}"&gt; {$number}&lt;/a&gt;新图片</value></key><key name="feed_multiple_descriptions"><value>uploaded {$number} new photos to &lt;a href="{$albumUrl}"&gt;{$albumName}&lt;/a&gt; album</value></key><key name="feed_single_description"><value>上传了 {$number} 张图片到相册 &lt;a href="{$albumUrl}"&gt;{$albumName}&lt;/a&gt;</value></key><key name="file_size_validation_error"><value>Value is incorrect or greater than server limit</value></key><key name="flags"><value>图片</value></key><key name="mark_featured"><value>设为推荐</value></key><key name="menu_albums"><value>相册</value></key><key name="menu_explore"><value>浏览</value></key><key name="menu_featured"><value>推荐</value></key><key name="menu_latest"><value>最新</value></key><key name="menu_most_discussed"><value></value></key><key name="menu_my_photos"><value>我的照片</value></key><key name="menu_photos"><value>照片</value></key><key name="menu_toprated"><value>排行</value></key><key name="meta_description_photo_featured"><value>{$site_name}上的精选图片</value></key><key name="meta_description_photo_latest"><value>{$site_name}上的最新图片</value></key><key name="meta_description_photo_tagged"><value>按标签浏览: {$topTags}, 和其他。</value></key><key name="meta_description_photo_tagged_as"><value>View photos tagged as '{$tag}'.</value></key><key name="meta_description_photo_toprated"><value>{$site_name}上的高分图片</value></key><key name="meta_description_photo_upload"><value>上传新照片到 {$site_name}.</value></key><key name="meta_description_photo_useralbum"><value>{$number} photos by {$displayName}.</value></key><key name="meta_description_photo_useralbums"><value>Photo albums by {$displayName} - {$albums}, and others.</value></key><key name="meta_description_photo_view"><value>{$title} - {$tags}标签下的图片.</value></key><key name="meta_title_photo_featured"><value>推荐照片 - {$site_name}</value></key><key name="meta_title_photo_latest"><value>最新照片 - {$site_name}</value></key><key name="meta_title_photo_most_discussed"><value></value></key><key name="meta_title_photo_tagged"><value>按标签浏览图片 - {$site_name}</value></key><key name="meta_title_photo_tagged_as"><value>'{$tag}' photos - {$site_name}</value></key><key name="meta_title_photo_toprated"><value>Top rated photos - {$site_name}</value></key><key name="meta_title_photo_upload"><value>上传照片 - {$site_name}</value></key><key name="meta_title_photo_useralbum"><value>{$albumName} (photo album by {$displayName}) - {$site_name}</value></key><key name="meta_title_photo_useralbums"><value>{$displayName}'s photo albums - {$site_name}</value></key><key name="meta_title_photo_view"><value>{$title} - photo at {$site_name}</value></key><key name="mobile_choose_photo"><value>选择图片</value></key><key name="mobile_photo"><value>图片</value></key><key name="mobile_replace_photo"><value>替代图片</value></key><key name="move_to_album"><value>Move to Album</value></key><key name="move_to_new_album"><value>把图片移到新相册</value></key><key name="my_albums"><value>我的相册</value></key><key name="newsfeed_album"><value>动态图片</value></key><key name="newsfeed_album_error_msg"><value>You can't create or upload photo to album with this name.</value></key><key name="next"><value>下一张</value></key><key name="not_all_photos_uploaded"><value>Some photos were not uploaded because of excessive size or wrong format</value></key><key name="no_album_found"><value>No albums</value></key><key name="no_items"><value>暂时没有</value></key><key name="no_photo"><value>没有图片…</value></key><key name="no_photo_found"><value>没找到图片</value></key><key name="no_photo_selected"><value>没选中图片</value></key><key name="no_photo_uploaded"><value>No photos were uploaded because of excessive size or wrong format</value></key><key name="of"><value>of</value></key><key name="page_title_browse_photos"><value>浏览照片</value></key><key name="page_title_uninstall"><value>Uninstall photo plugin</value></key><key name="page_title_user_albums"><value>{$user} 的相册</value></key><key name="permission_exceeded"><value>You only had enough credits to upload {$uploaded} photos out of {$count}. Buy more credits to upload the rest</value></key><key name="photo"><value>图片</value></key><key name="photos_deleted"><value>Photos deleted</value></key><key name="photos_in_album"><value>{$total} 照片</value></key><key name="photos_uploaded"><value>{$count} photos uploaded</value></key><key name="photo_album_updated"><value>相册已保存</value></key><key name="photo_deleted"><value>Photo deleted</value></key><key name="photo_index"><value>图片</value></key><key name="photo_list_widget"><value>照片</value></key><key name="photo_not_deleted"><value>Photo NOT deleted</value></key><key name="photo_success_moved"><value>Photo(s) successfully moved</value></key><key name="photo_updated"><value>Photo updated</value></key><key name="photo_upload_error"><value>Please upload at least one photo</value></key><key name="play_pause"><value>Play/Pause</value></key><key name="please_wait"><value>请等待之前的图片上传完成</value></key><key name="plugin_set_for_uninstall"><value>Photo plugin uninstall initiated.</value></key><key name="preview_size"><value>预览图片大小</value></key><key name="previous"><value>Previous photo</value></key><key name="privacy_action_view_album"><value>查看我的相册</value></key><key name="quotas"><value>Limits</value></key><key name="quota_exceeded"><value>You have exceeded the limit of {$limit} photos</value></key><key name="rating"><value>评分</value></key><key name="rating_total"><value>(Total {$count})</value></key><key name="rating_your"><value>(Total {$count}. Yours is {$score})</value></key><key name="remove_from_featured"><value>取消推荐</value></key><key name="save_as_avatar"><value>保存为头像</value></key><key name="save_as_cover"><value>设置为相册封面</value></key><key name="search_invitation"><value>Search text, @username or #hashtag</value></key><key name="search_result_empty"><value>暂时没有找到</value></key><key name="select_one_photo_warning"><value>Select only 1 photo to set the cover</value></key><key name="settings_updated"><value>Settings updated</value></key><key name="set_as_album_cover"><value>设置为相册封面</value></key><key name="set_as_cover_label"><value>设置为相册封面</value></key><key name="show_by"><value>Show</value></key><key name="size_limit"><value>Photo "{$name}" file size cannot be greater than &lt;b&gt;{$size}&lt;/b&gt; Mb</value></key><key name="slideshow_interval"><value>幻灯演示时间: </value></key><key name="slideshow_settings"><value>设置</value></key><key name="status_changed"><value>照片状态已改变</value></key><key name="store_full_size"><value>全屏</value></key><key name="tb_edit_photo"><value>编辑图片</value></key><key name="total_albums"><value>{$total} 相册数</value></key><key name="to_small_cover_img"><value>这张图片太小不能设置为相册封面。 最小尺寸是 330x330</value></key><key name="type_error"><value>不合适的文件类型: {$name}</value></key><key name="uninstall_inprogress"><value>进展中</value></key><key name="uninstall_inprogress_desc"><value>当所有照片被移除时请稍等一会，等待时间取决于图片数。</value></key><key name="upload"><value>上传</value></key><key name="upload_ini_value"><value>(Server limit: {$value})</value></key><key name="upload_photos"><value>上传照片</value></key><key name="upload_settings"><value>上传设置</value></key><key name="usercredits_action_add_comment"><value>评论图片</value></key><key name="usercredits_action_add_photo"><value>添加图片</value></key><key name="user_photo_albums_widget"><value>相册</value></key><key name="user_quota"><value>对于用户的照片最大数目</value></key><key name="user_quota_desc"><value>保持这个数值尽可能的大</value></key><key name="view_fullsize"><value>查看全尺寸</value></key></prefix>
