<?xml version="1.0" encoding="utf-8"?>
<prefix name="smartcaptcha" label="Smart Captcha" language_tag="en" language_label="English">
    
	<key name="label_imgWidth"><value>Image width</value></key>
	<key name="desc_imgWidth"><value>The desired width of the CAPTCHA image.</value></key>
        
	<key name="label_imgHeight"><value>Image height</value></key>
	<key name="desc_imgHeight"><value>The desired height of the CAPTCHA image.</value></key>
        
        <key name="label_imgPerturbation"><value>Perturbation</value></key>
	<key name="desc_imgPerturbation"><value>How much to distort image, higher = more distortion.</value></key>
        
        <key name="label_imgTextAngleMinimum"><value>The minimum angle</value></key>
	<key name="desc_imgTextAngleMinimum"><value>This value along with maximum angle distance do not need to be very high with perturbation.</value></key>
        
        <key name="label_imgTextAngleMaximum"><value>The maximum angle</value></key>
	<key name="desc_imgTextAngleMaximum"><value>The minimum angle in degrees, with 0 degrees being left-to-right reading text.</value></key>
        
        <key name="label_imgTextTransparencyPercentage"><value>The percentage of transparency</value></key>
	<key name="desc_imgTextTransparencyPercentage"><value>A value of 0 is completely opaque, 100 is completely transparent (invisble).</value></key>
        
        <key name="label_imgNumLines"><value>Count</value></key>
	<key name="desc_imgNumLines"><value>Draw vertical and horizontal lines on the image.</value></key>
        
        <key name="label_imgLineColor"><value>Line color</value></key>
	<key name="desc_imgLineColor"><value>Color of lines drawn over text.</value></key>
        
        <key name="label_imgImageBgColor"><value>The background color</value></key>
	<key name="desc_imgImageBgColor"><value>The background color for the image.</value></key>   
        
        <key name="label_imgTextColor"><value>The text color</value></key>
	<key name="desc_imgTextColor"><value>The text color to use for drawing characters as a Securimage_Color.</value></key>
        
        <key name="preview"><value>Preview</value></key>
        <key name="save_settings"><value>Save</value></key>
        <key name="success_save_settings"><value>Settings successfully saved</value></key>
        
        <key name="questions_menu_item"><value>Questions and answers</value></key>
        <key name="settings_menu_item"><value>Captcha settings</value></key>
        <key name="add_new_question"><value>Add new question</value></key>
        <key name="add_new_answer"><value>Add new answer</value></key>
        <key name="question_caption"><value>Questions</value></key>
        <key name="answer_caption"><value>Answers</value></key>
        <key name="answer_count_caption"><value>Answer count</value></key>
        <key name="delete_question"><value>Delete</value></key>
        <key name="no_items"><value>No items</value></key>
        <key name="floatbox_caption"><value>New question</value></key>
        
</prefix>
