<?xml version="1.0" encoding="utf-8"?>
<prefix name="mailbox" label="Messages" language_tag="zh-cn" language_label="chinese"><key name="about_hour"><value>大概一小时</value></key><key name="about_hours"><value>大概 %d 小时</value></key><key name="about_minute"><value>大概一分钟</value></key><key name="about_month"><value>大概一个月</value></key><key name="about_year"><value>大概一年</value></key><key name="add_button"><value>发布</value></key><key name="add_message"><value>已添加新消息</value></key><key name="admin_config"><value>消息 - 插件配置</value></key><key name="admin_settings_title"><value>消息配置</value></key><key name="ago"><value>之前</value></key><key name="and"><value>和</value></key><key name="api_read_the_message"><value></value></key><key name="attache_file_delete_button"><value>删除</value></key><key name="attachment"><value>附件</value></key><key name="attachments"><value>附件</value></key><key name="attach_files"><value>附件</value></key><key name="auth_action_label_chat"><value>允许聊天</value></key><key name="auth_action_label_read_chat_message"><value>阅读聊天消息</value></key><key name="auth_action_label_read_message"><value>阅读邮件</value></key><key name="auth_action_label_read_message_alt"><value>阅读消息</value></key><key name="auth_action_label_reply_to_chat_message"><value>继续聊天对话</value></key><key name="auth_action_label_reply_to_message"><value>继续邮件对话</value></key><key name="auth_action_label_reply_to_message_alt"><value>继续对话</value></key><key name="auth_action_label_send_chat_message"><value>开始聊天对话</value></key><key name="auth_action_label_send_message"><value>开始邮件对话</value></key><key name="auth_action_label_send_message_alt"><value>开始对话</value></key><key name="auth_action_label_use_chat"><value>使用聊天</value></key><key name="auth_group_label"><value>消息</value></key><key name="a_day"><value>一天</value></key><key name="between"><value>在</value></key><key name="change_privacy_settings"><value>在这里变更你消息的隐私权</value></key><key name="chat"><value>聊天</value></key><key name="chat_message_empty"><value>消息内容为空</value></key><key name="chat_subject_prefix"><value>...</value></key><key name="check_now_button"><value>现在检查</value></key><key name="click_to_read_messages"><value>点击阅读消息</value></key><key name="compose_message"><value>撰写新消息</value></key><key name="confirm_conversation_delete"><value>您是否确定？</value></key><key name="confirm_delete_im"><value>您是否确定删除消息？</value></key><key name="console_request_item"><value>&lt;div class="ow_console_mailbox_cont" target="_blank"&gt;&#13;
        &lt;div class="ow_console_mailbox_title"&gt;&lt;a target="_blank" href="{$userUrl}"&gt;{$displayName}&lt;/a&gt;&lt;/div&gt;&#13;
        &lt;div class="ow_console_mailbox_txt"&gt;&#13;
            {$text}&#13;
        &lt;/div&gt;&#13;
    &lt;/div&gt;</value></key><key name="conversations"><value>对话</value></key><key name="conversation_box_info"><value>显示 {$showing} 消息来自 总计 {$total} ，新 {$new}</value></key><key name="conversation_empty"><value>你还没有交谈</value></key><key name="conversation_item_list_empty"><value>您的对话列表为空</value></key><key name="conversation_label"><value>对话</value></key><key name="conversation_meta_tilte"><value>{$conversation_title} - {$site_name}</value></key><key name="conversation_not_found"><value>未发现对话</value></key><key name="create_conversation_button"><value>发送私有消息</value></key><key name="create_conversation_fail_message"><value>消息未发送</value></key><key name="create_conversation_message"><value>消息发送</value></key><key name="days"><value>%d 天</value></key><key name="delete_button"><value>删除</value></key><key name="delete_chat"><value>删除聊天纪录</value></key><key name="delete_chat_desc"><value>在卸载消息插件之前需要删除所有的相关纪录，需要花费一些时间。</value></key><key name="delete_confirm_message"><value>您是否确认要删除交谈纪录？</value></key><key name="delete_content_warning"><value>警告</value></key><key name="delete_conversation_button"><value>删除交谈纪录</value></key><key name="delete_conversation_link"><value>删除</value></key><key name="delete_conversation_message"><value>交谈纪录已经删除</value></key><key name="delete_conversation_title"><value>删除纪录</value></key><key name="delete_message"><value>{$count} 交谈已删除</value></key><key name="disable_sounds"><value>取消声音提醒</value></key><key name="email_notifications_comment"><value>来自 &lt;a href="{$userUrl}"&gt;{$userName}&lt;/a&gt;的新 &lt;a href="{$conversationUrl}" &gt;消息&lt;/a&gt;</value></key><key name="email_notifications_new_message"><value>有人给我发送了新消息</value></key><key name="email_notifications_section_label"><value>邮箱</value></key><key name="enable_attachments"><value>允许附件</value></key><key name="enable_sounds"><value>允许声音提醒</value></key><key name="enable_sound_label"><value>允许声音提醒</value></key><key name="file_attachment_disabled"><value>已禁止使用附件</value></key><key name="find_contact"><value>搜索联系人</value></key><key name="friends_online"><value>好友在线</value></key><key name="from_now"><value>from now</value></key><key name="general_settings"><value>常规设置</value></key><key name="general_settings_title"><value>常规设置</value></key><key name="inbox_label"><value>Inbox</value></key><key name="inbox_meta_tilte"><value>My mailbox - {$site_name}</value></key><key name="keep_unread_button"><value>Keep Unread</value></key><key name="label_btn_chat"><value>Chats</value></key><key name="label_btn_mail"><value>Mails</value></key><key name="label_btn_mailchat"><value>Mails + Chat</value></key><key name="label_btn_new_message"><value>New message</value></key><key name="label_invitation_conversation_search"><value>搜索</value></key><key name="last_message_sent"><value>Last message sent</value></key><key name="less_than_minute"><value>less than a minute</value></key><key name="load_earlier"><value>Load Earlier Messages</value></key><key name="mailbox"><value>Mailbox</value></key><key name="mailbox_console_title"><value>消息</value></key><key name="mail_subject_prefix"><value>Subject: </value></key><key name="mark_as_read_button"><value>Mark as Read</value></key><key name="mark_as_unread_button"><value>Mark as Unread</value></key><key name="mark_conversation_read_message"><value>Conversation has been marked as read</value></key><key name="mark_conversation_unread_message"><value>Conversation has been marked as unread</value></key><key name="mark_read_fail_message"><value>Failed to mark conversation as read</value></key><key name="mark_read_message"><value>{$count} conversation(s) marked as read</value></key><key name="mark_unread_conversation_title"><value>Mark as unread</value></key><key name="mark_unread_fail_message"><value>Failed to mark conversation as unread</value></key><key name="mark_unread_message"><value>{$count} conversation(s) marked as unread</value></key><key name="mb"><value>Mb</value></key><key name="messages_console_title"><value>消息</value></key><key name="messages_email_notifications_new_chat_message"><value>有人给我发送了聊天消息</value></key><key name="messages_email_notifications_new_message"><value>有人给我发送了新消息</value></key><key name="messages_email_notifications_section_label"><value>邮箱</value></key><key name="message_invitation"><value></value></key><key name="message_too_long_error"><value>字数太多，不得多于{$maxLength}个字符</value></key><key name="message_was_not_authorized"><value>Message was not authorized</value></key><key name="minutes"><value>%d minutes</value></key><key name="months"><value>%d 月</value></key><key name="msg_settings_saved"><value>设置已保存</value></key><key name="new_conversation_link"><value>new</value></key><key name="new_message"><value>*** New Message ***</value></key><key name="new_message_count"><value>{$count} new</value></key><key name="new_message_count_text"><value>You have {$count} new message(s)!</value></key><key name="new_message_title"><value>New message</value></key><key name="new_message_to"><value></value></key><key name="notification_mail_subject"><value>New message from {$sendername}</value></key><key name="notification_mail_template_html"><value>Hello {$username},&lt;br/&gt;&#13;
&lt;br/&gt;&#13;
You have received a new message from {$sendername} on {$site_name}.&lt;br/&gt;&#13;
&lt;br/&gt;&#13;
Go to &lt;a href="{$replyUrl}"&gt;{$replyUrl}&lt;/a&gt; to reply to this message. &lt;br/&gt;&#13;
&lt;br/&gt;&#13;
Sincerely, {$site_name} administration</value></key><key name="notification_mail_template_text"><value>Hello {$username},&#13;
&#13;
You have received a new message from {$sendername} on {$site_name}.&#13;
&#13;
Go to {$replyUrl} to reply to this message. &#13;
&#13;
Sincerely, {$site_name} administration</value></key><key name="no_contacts_online"><value>没有好友在线</value></key><key name="no_conversations"><value>没有消息</value></key><key name="others_online"><value>Others</value></key><key name="page_heading_messages"><value>消息</value></key><key name="page_title_uninstall"><value>Uninstall Messages plugin</value></key><key name="permission_denied"><value>Permission denied</value></key><key name="please_enter_captcha"><value>Before you continue sending messages let's make sure you are a human. Please confirm the security code below:</value></key><key name="please_enter_valid_value"><value>Value is incorrect or greater than server limit.</value></key><key name="plugin_configuration_notice"><value>The &lt;i&gt;Messages&lt;/i&gt; plugin is being installed. Time for completing the installation depends on the number of users and cron schedule. &lt;br /&gt;Installed so far: {$percents}%</value></key><key name="plugin_installation_notice"><value>The &lt;i&gt;Messages&lt;/i&gt; plugin is being installed. Time for completing the installation depends on the number of users and cron schedule. &lt;br /&gt;Installed so far: {$percents}%</value></key><key name="plugin_set_for_uninstall"><value>'Messages' plugin uninstall initiated.</value></key><key name="privacy_action_invite_to_chat"><value>谁可以邀请我聊天</value></key><key name="read_message_permission_denied"><value>You do not have enough permissions to read messages.</value></key><key name="read_permission_denied"><value>You do not have enough permissions to read this message.</value></key><key name="read_the_message"><value>Read the message</value></key><key name="recipient_is_required"><value>Recipient is not selected</value></key><key name="reply_to_message_permission_denied"><value>You do not have enough permissions to reply to messages.</value></key><key name="save_btn"><value>保存设置</value></key><key name="selected_label"><value>Selected</value></key><key name="select_all_checkbox"><value>All</value></key><key name="send"><value>发布</value></key><key name="send_button"><value>发布</value></key><key name="send_message"><value>发送消息</value></key><key name="send_message_failed"><value>发送消息失败:</value></key><key name="send_message_permission_denied"><value>You do not have enough permissions to write  messages.</value></key><key name="sent_button"><value>Sent</value></key><key name="sent_label"><value>Sent</value></key><key name="sent_message_form_label"><value>Compose reply</value></key><key name="sent_meta_tilte"><value>Sent messages - {$site_name}</value></key><key name="settings"><value>Installation</value></key><key name="settings_desc_show_all_members"><value>Really bad idea for big sites</value></key><key name="settings_friends_only_label"><value>Friends Only Mode</value></key><key name="settings_label_active_mode_list"><value>选择消息模式</value></key><key name="settings_label_show_all_members"><value>列出所有聊天用户</value></key><key name="settings_saved"><value>设置已保存</value></key><key name="settings_updated"><value>Settings updated</value></key><key name="show_all_users"><value>显示所有用户</value></key><key name="show_online_only"><value>只显示在线用户</value></key><key name="status_invisible_label"><value>Invisible for all</value></key><key name="subject"><value>Subject</value></key><key name="subject_is_required"><value>Subject is empty</value></key><key name="switch_to_chat_mode"><value>Open in chat</value></key><key name="text"><value>Text</value></key><key name="text_message_invitation"><value>Text Message</value></key><key name="to"><value>To</value></key><key name="uninstall_inprogress"><value>In progress</value></key><key name="uninstall_inprogress_desc"><value>The &lt;i&gt;Messages&lt;/i&gt; plugin is being uninstalled. Time for completing the uninstallation depends on the number of users and cron schedule. &lt;br /&gt;Uninstalled so far: {$percents}%</value></key><key name="upload_file_cant_write_file_error"><value>Failed to write file to disk.</value></key><key name="upload_file_count_files_error"><value>Too many files uploaded!</value></key><key name="upload_file_delete_fail"><value>Delete file fail!</value></key><key name="upload_file_delete_success"><value>Delete file success!</value></key><key name="upload_file_extension_is_not_allowed"><value>The file extention is not allowed.</value></key><key name="upload_file_fail"><value>File upload fail!</value></key><key name="upload_file_file_partially_uploaded_error"><value>The uploaded file was only partially uploaded.</value></key><key name="upload_file_invalid_extention_error"><value>A PHP extension stopped the file upload. PHP does not provide a way to ascertain which extension caused the file upload to stop.</value></key><key name="upload_file_max_upload_filesize_error"><value>The uploaded file exceeds the max upload filesize.</value></key><key name="upload_file_name"><value>File {$file_name} :</value></key><key name="upload_file_not_found"><value>Upload file not found!</value></key><key name="upload_file_no_file_error"><value>No file was uploaded.</value></key><key name="upload_file_no_tmp_dir_error"><value>Missing a temporary folder.</value></key><key name="upload_max_file_size"><value>最大上传附件大小</value></key><key name="usercredits_action_read_chat_message"><value>Read chat messages</value></key><key name="usercredits_action_read_message"><value>Read private message</value></key><key name="usercredits_action_reply_to_chat_message"><value>Continue chat dialog</value></key><key name="usercredits_action_reply_to_message"><value>Continue mail dialog</value></key><key name="usercredits_action_send_chat_message"><value>Start chat dialog</value></key><key name="usercredits_action_send_message"><value>Start mail dialog</value></key><key name="userlist"><value>User List</value></key><key name="user_is_deleted"><value>User you are trying to contact is deleted.</value></key><key name="user_is_not_approved"><value>User you are trying to contact is not approved.</value></key><key name="user_is_not_authorized_chat"><value>'{$username}' is not authorized to use chat</value></key><key name="user_is_not_authorized_read_messages"><value>用户没有阅读消息的权限</value></key><key name="user_is_not_verified"><value>您试图联系的乐友已长期未验证.</value></key><key name="user_is_offline"><value>[username] 已经下线了</value></key><key name="user_is_online"><value>[username] 现在在线</value></key><key name="user_is_suspended"><value>您试图联系的乐友已长期未上线了.</value></key><key name="user_is_unreachable"><value>您试图联系的乐友已长期未上线了.</value></key><key name="user_not_found"><value>没有发现该用户</value></key><key name="user_offline"><value>下线</value></key><key name="user_settings_link"><value>设置</value></key><key name="user_settings_submit_label"><value>保存设置</value></key><key name="user_settings_title"><value>消息设置</value></key><key name="user_went_offline"><value>{$displayname} 下线了</value></key><key name="use_chat"><value>使用聊天</value></key><key name="use_chat_permission_denied"><value>您没有足够的使用权限.</value></key><key name="view_all"><value>浏览全部</value></key><key name="warning_user_privacy_friends_only"><value>{$displayname} 仅接受来自好友的聊天请求</value></key><key name="write_here"><value>你可以在这里回复...</value></key><key name="write_permission_denied"><value>你没有权限发布消息</value></key><key name="years"><value>%d 年</value></key><key name="you"><value>你</value></key></prefix>
