<?xml version="1.0" encoding="utf-8"?>
<prefix name="zlevent" label="群乐" language_tag="zh-cn" language_label="chinese"><key name="accept_request"><value>接受</value></key><key name="add_event_meta_description"><value>计划一个与 {$site_name}用户的会议.</value></key><key name="add_form_date_desc"><value> </value></key><key name="add_form_date_label"><value>日期时间</value></key><key name="add_form_desc_desc"><value> </value></key><key name="add_form_desc_label"><value>描述</value></key><key name="add_form_empty_image_error_message"><value>空的图片字段</value></key><key name="add_form_end_date_desc"><value> </value></key><key name="add_form_end_date_label"><value>乐子结束</value></key><key name="add_form_group_desc"><value>&amp;nbsp;</value></key><key name="add_form_group_label"><value>隶属乐群</value></key><key name="add_form_image_desc"><value> </value></key><key name="add_form_image_label"><value>图片</value></key><key name="add_form_invalid_end_date_error_message"><value>不合理的结束时间</value></key><key name="add_form_location_desc"><value> </value></key><key name="add_form_location_label"><value>地点</value></key><key name="add_form_submit_label"><value>添加</value></key><key name="add_form_success_message"><value>乐子已添加</value></key><key name="add_form_title_desc"><value> </value></key><key name="add_form_title_label"><value>标题</value></key><key name="add_form_who_can_invite_desc"><value> </value></key><key name="add_form_who_can_invite_label"><value>谁可以邀请</value></key><key name="add_form_who_can_invite_option_creator"><value>仅限乐子发起人</value></key><key name="add_form_who_can_invite_option_participants"><value>参与者</value></key><key name="add_form_who_can_view_desc"><value> </value></key><key name="add_form_who_can_view_label"><value>谁可以查看</value></key><key name="add_form_who_can_view_option_anybody"><value>所有人</value></key><key name="add_form_who_can_view_option_invit_only"><value>仅限被邀请人</value></key><key name="add_new_button_label"><value>分享新乐子？</value></key><key name="add_new_link_label"><value>乐子</value></key><key name="add_page_heading"><value>创建新乐子</value></key><key name="add_page_title"><value>创建新乐子 - {$site_name}</value></key><key name="all_day"><value>全天</value></key><key name="attend_maybe_btn_label"><value>可能参加</value></key><key name="attend_no_btn_label"><value>不参加</value></key><key name="attend_yes_btn_label"><value>我要参加</value></key><key name="auth_action_label_add_comment"><value>评论乐子</value></key><key name="auth_action_label_add_event"><value>发布乐子</value></key><key name="auth_action_label_view_event"><value>查看乐子</value></key><key name="auth_group_label"><value>乐子</value></key><key name="avatar_user_list_bottom_link_label"><value>浏览全部 ({$count} 个用户)</value></key><key name="avatar_user_list_link_label_1"><value>参加</value></key><key name="avatar_user_list_link_label_2"><value>可能参加</value></key><key name="avatar_user_list_link_label_3"><value>不参加</value></key><key name="cmp_widget_events_count"><value>乐子数</value></key><key name="common_list_type_invited_label"><value>邀请</value></key><key name="common_list_type_joined_label"><value>我的乐子</value></key><key name="common_list_type_latest_label"><value>即将发生的</value></key><key name="common_list_type_past_label"><value>历史的</value></key><key name="console_notification_label"><value>乐子邀请</value></key><key name="create_group_event"><value>有乐子？与大家分享吧！</value></key><key name="creator"><value>发起人</value></key><key name="current_status_change_label"><value>更新状态</value></key><key name="dashboard_widget_menu_my_events_label"><value>发起了</value></key><key name="dashboard_widget_menu_part_events_label"><value>参加了</value></key><key name="delete_button_label"><value>删除</value></key><key name="delete_confirm_message"><value>您确定要删除该乐子吗 ?</value></key><key name="delete_success_message"><value>乐子已删除</value></key><key name="edit_button_label"><value>编辑</value></key><key name="edit_form_end_date_error_message"><value>请选择乐子结束日期/时间</value></key><key name="edit_form_submit_label"><value>编辑</value></key><key name="edit_form_success_message"><value>乐子已编辑</value></key><key name="edit_page_heading"><value>编辑乐子</value></key><key name="edit_page_title"><value>编辑乐子 - {$site_name}</value></key><key name="email_notification_comment"><value>&lt;a href="{$userUrl}"&gt;{$userName}&lt;/a&gt; 针对 &lt;a href="{$url}"&gt;{$title}&lt;/a&gt; 乐子给出了自己的评论</value></key><key name="email_notification_comment_setting"><value>有人发表了评论</value></key><key name="email_notification_invite"><value>&lt;a href="{$inviterUrl}"&gt;{$inviterName}&lt;/a&gt; 邀请您参加 "&lt;a href="{$eventUrl}"&gt;{$eventName}&lt;/a&gt;"</value></key><key name="errors_location"><value>请确认这是个正确的地址，我们的地图服务暂时无法定位到这个地址！</value></key><key name="event_created_by_me_page_heading"><value>我发起的乐子</value></key><key name="event_created_by_me_page_title"><value>我发起的乐子 - {$site_name}</value></key><key name="event_joined_by_me_page_heading"><value>我要参加的乐子</value></key><key name="event_joined_by_me_page_title"><value>我要参加的乐子 - {$site_name}</value></key><key name="event_view_page_heading"><value>{$event_title} -  {$site_name} 乐子</value></key><key name="event_view_permission_error_message"><value>抱歉，您没有权限查看该页面！</value></key><key name="feed_actiovity_attend_string"><value>要参加{$user}的乐子</value></key><key name="feed_activity_comment_string"><value>评价了 {$user}的乐子</value></key><key name="feed_activity_event_string_like"><value>赞了{$user}的乐子</value></key><key name="feed_activity_event_string_like_own"><value>赞了这个乐子</value></key><key name="feed_activity_joined"><value>{$user} 刚参加了</value></key><key name="feed_activity_own_comment_string"><value>评价了这个乐子.</value></key><key name="feed_activity_users"><value>会员总数: &lt;span class="ow_txt_value"&gt;{$usersCount}&lt;/span&gt;</value></key><key name="feed_add_item_label"><value>创建了乐子</value></key><key name="feed_content_label"><value>乐子</value></key><key name="feed_user_join_string"><value>要参加乐子</value></key><key name="friends_invite_button_label"><value>邀请我的好友</value></key><key name="ignore_request"><value>忽略</value></key><key name="invitation_join_string_1"><value>{$user1} 邀请你参加 {$event}</value></key><key name="invitation_join_string_2"><value>{$user1} 和 {$user2} 邀请你参加 {$event}</value></key><key name="invitation_join_string_many"><value>{$user1} ， {$user2} 和 {$otherUsers} 邀请你参加 {$event}</value></key><key name="invited_events_page_heading"><value>乐子邀请</value></key><key name="invited_events_page_title"><value>乐子邀请 - {$site_name}</value></key><key name="invite_btn_label"><value>邀请乐友</value></key><key name="latest_events_page_desc"><value>{$site_name} 成员即将发生的乐子列表.</value></key><key name="latest_events_page_heading"><value>乐子</value></key><key name="latest_events_page_title"><value>乐子 - {$site_name}</value></key><key name="main_menu_item"><value>群乐</value></key><key name="my_events_widget_block_cap_label"><value>我的乐子</value></key><key name="need_authority_create_group_event"><value>您没有本乐群创建乐子的权限，请与乐群群主联系以确保您可以获得该权限！</value></key><key name="notifications_new_message"><value>有人要请我参加一个乐子</value></key><key name="notifications_section_label"><value>群乐</value></key><key name="no_events_label"><value>没有乐子</value></key><key name="no_index_events_label"><value>还没有乐子, &lt;a href="{$url}"&gt;分享新乐子&lt;/a&gt;</value></key><key name="past_events_page_desc"><value>{$site_name} 成员的私有乐子列表.</value></key><key name="past_events_page_heading"><value>历史乐子</value></key><key name="past_events_page_title"><value>历史乐子 - {$site_name}</value></key><key name="privacy_action_view_attend_events"><value>浏览自己群乐</value></key><key name="private_event_text"><value>抱歉！这是个私有乐子。</value></key><key name="private_page_heading"><value>私有乐子</value></key><key name="private_page_title"><value>私有乐子</value></key><key name="profile_events_widget_block_cap_label"><value>我的乐子</value></key><key name="time_field_invitation_label"><value>时间</value></key><key name="up_events_widget_block_cap_label"><value>即将发生的乐子</value></key><key name="usercredits_action_add_comment"><value>评价乐子</value></key><key name="usercredits_action_add_event"><value>分享乐子</value></key><key name="users_invite_success_message"><value>邀请了{$count} 位乐友</value></key><key name="user_list_page_desc_1"><value>乐子－"{$eventTitle}" 确定参加的乐友列表</value></key><key name="user_list_page_desc_2"><value>乐子－"{$eventTitle}" 可能参加的乐友列表</value></key><key name="user_list_page_desc_3"><value>乐子－"{$eventTitle}" 不参加的乐友列表</value></key><key name="user_list_page_heading_1"><value>"{$eventTitle}" 乐子参与者 - {$site_name}</value></key><key name="user_list_page_heading_2"><value>"{$eventTitle}" 乐子 - 谁有可能参加 - {$site_name}</value></key><key name="user_list_page_heading_3"><value>"{$eventTitle}" 乐子 - 谁不参加 - {$site_name}</value></key><key name="user_participated_events_page_desc"><value>{$display_name} 参加的乐子列表.</value></key><key name="user_participated_events_page_heading"><value>{$display_name}的乐子</value></key><key name="user_participated_events_page_title"><value>{$display_name}的乐子 - {$site_name}</value></key><key name="user_status_author_cant_leave_error"><value>抱歉，你不能离开自己分享的乐子</value></key><key name="user_status_label_1"><value>我参加</value></key><key name="user_status_label_2"><value>我也许参加</value></key><key name="user_status_label_3"><value>我不参加</value></key><key name="user_status_not_changed_error"><value>请更新你的状态</value></key><key name="user_status_updated"><value>你的状态已更新</value></key><key name="view_all_label"><value>浏览全部</value></key><key name="view_event_tags_block_cap_label"><value>标签</value></key><key name="view_group_and_creator_cap_label"><value>乐群及群主</value></key><key name="view_page_address_block_cap_label"><value>地点</value></key><key name="view_page_created_label"><value>创建人</value></key><key name="view_page_date_label"><value>日期时间</value></key><key name="view_page_desc_label"><value>描述</value></key><key name="view_page_details_block_cap_label"><value>细节</value></key><key name="view_page_end_date_label"><value>乐子结束</value></key><key name="view_page_image_block_cap_label"><value>描述</value></key><key name="view_page_location_label"><value>地点</value></key><key name="view_page_users_block_cap_label"><value>参加乐友</value></key></prefix>
